,aqi_pm10
158220,safe
66855,safe
59339,safe
38392,safe
761,safe
12659,safe
169195,safe
129978,safe
13494,safe
5335,safe
47341,unhealthy for sensitive groups
970,safe
160145,safe
39271,safe
138745,safe
37576,safe
155670,safe
18062,safe
386,safe
37990,safe
150795,safe
64851,safe
5274,unhealthy for sensitive groups
169745,safe
156645,safe
1080,safe
141920,safe
46046,safe
20947,safe
812,safe
81823,safe
207,safe
1009,safe
21872,safe
116392,safe
122164,safe
90840,safe
42188,safe
26896,safe
11455,safe
72019,safe
136557,safe
36324,safe
118120,safe
191,safe
64022,safe
1098,safe
106614,safe
146195,safe
49527,unhealthy for sensitive groups
103859,safe
58728,safe
168770,safe
170270,safe
3621,safe
85126,safe
30053,safe
159495,safe
129942,safe
139920,safe
99855,safe
125315,safe
91353,safe
26968,safe
59767,safe
169520,safe
88,safe
98230,safe
157170,safe
80736,safe
23822,safe
96090,safe
56990,safe
42786,safe
32870,safe
12025,safe
40467,safe
43531,safe
73178,safe
88507,unhealthy for sensitive groups
137309,safe
6657,safe
66097,safe
20257,safe
146770,safe
130579,safe
67391,safe
96839,safe
78612,safe
50539,safe
22558,unhealthy for sensitive groups
19532,safe
106846,safe
9907,safe
959,safe
7581,safe
111958,safe
94533,safe
139270,safe
144595,safe
78220,safe
21717,safe
130527,safe
40529,safe
4507,safe
135224,safe
35554,safe
79906,safe
76097,unhealthy for sensitive groups
820,safe
48367,unhealthy for sensitive groups
992,safe
63996,safe
86678,safe
801,safe
2771,safe
49697,safe
104960,safe
167070,safe
392,safe
434,safe
1104,safe
563,safe
60609,unhealthy for sensitive groups
79726,safe
164645,safe
4817,safe
79710,safe
572,safe
9724,unhealthy for sensitive groups
53761,safe
378,safe
119922,safe
17829,safe
169170,safe
121872,safe
5189,safe
118452,safe
1064,safe
165320,safe
42106,safe
737,safe
352,safe
49955,safe
33431,safe
114262,safe
63032,safe
159920,safe
140120,safe
167595,safe
147245,safe
103480,safe
152845,safe
118488,safe
4176,safe
774,safe
137679,safe
144695,safe
100783,safe
54957,safe
600,safe
4078,safe
84829,safe
141970,safe
81017,safe
46168,safe
162495,safe
159420,safe
137583,safe
138870,safe
71676,safe
149370,safe
15211,safe
903,safe
156820,safe
135490,safe
72225,safe
78478,safe
8685,safe
15404,safe
93457,safe
142395,safe
97534,safe
54456,safe
90245,safe
66133,safe
125811,safe
1071,safe
31612,safe
66597,safe
156670,safe
74643,safe
71090,safe
99329,safe
138295,safe
75999,safe
246,safe
821,safe
154320,safe
65280,safe
154445,safe
141445,safe
20368,safe
72140,safe
42152,safe
39918,safe
159,safe
20714,safe
29598,safe
168670,safe
149970,safe
100293,safe
56425,safe
1366,safe
105433,safe
54920,safe
944,safe
2919,safe
152870,safe
84598,safe
446,safe
118817,safe
23182,safe
229,safe
334,safe
161445,safe
941,safe
49295,safe
74888,safe
98535,safe
3151,unhealthy for sensitive groups
54261,safe
133514,safe
606,safe
55152,safe
128142,safe
129897,safe
76365,safe
980,safe
114076,safe
137436,safe
5763,safe
84360,safe
1093,safe
169695,safe
161770,safe
121076,safe
63630,safe
22296,safe
66829,safe
338,safe
99390,safe
594,safe
43861,safe
20282,safe
724,safe
141670,safe
164870,unhealthy for sensitive groups
62898,safe
5424,safe
200,safe
46400,safe
137442,safe
367,safe
88752,safe
87778,safe
54216,safe
71444,safe
693,safe
69749,safe
114515,safe
124239,safe
151795,safe
129296,safe
71761,safe
160695,safe
24419,safe
892,safe
33493,unhealthy for sensitive groups
135066,unhealthy for sensitive groups
146670,safe
145745,safe
165245,safe
683,safe
98303,safe
137328,safe
324,safe
145620,safe
138070,safe
1037,safe
77772,safe
91072,safe
149645,safe
145995,safe
78896,safe
869,safe
34,safe
54627,safe
1005,unhealthy for sensitive groups
130466,safe
94219,safe
34689,safe
38856,safe
137315,safe
65816,safe
55457,safe
104006,safe
65512,safe
120361,safe
30965,safe
94594,safe
116172,safe
88275,safe
149,safe
143845,safe
81824,unhealthy for sensitive groups
155720,safe
131901,safe
21284,safe
13787,safe
39088,safe
135393,safe
166145,safe
1006,safe
90255,safe
98901,safe
14918,safe
74375,unhealthy for sensitive groups
28145,safe
56242,safe
214,safe
76231,safe
733,safe
153495,safe
984,safe
136945,safe
71261,unhealthy for sensitive groups
138595,safe
2514,safe
102149,safe
86,safe
597,safe
43397,unhealthy for sensitive groups
63,safe
3065,safe
85276,safe
127,safe
743,safe
601,safe
121726,safe
163920,safe
937,safe
104568,safe
37843,safe
144995,safe
99845,safe
124909,safe
63398,safe
47393,safe
140520,safe
499,safe
27792,safe
114,safe
244,safe
135005,safe
37782,safe
1101,safe
87302,safe
148895,safe
508,safe
130137,safe
18908,safe
402,safe
136541,safe
142745,safe
55127,safe
92306,safe
750,safe
153645,safe
80174,safe
850,safe
789,safe
142895,safe
675,safe
44642,safe
134933,safe
135975,safe
163645,safe
36470,safe
112924,safe
76159,safe
119987,safe
135587,safe
7634,safe
151245,safe
102623,safe
19594,safe
5571,safe
375,safe
517,safe
22704,safe
41410,safe
86616,unhealthy for sensitive groups
792,safe
71859,safe
15358,safe
532,safe
159895,safe
81066,safe
4298,safe
93673,safe
63316,safe
979,safe
14056,safe
50831,safe
25194,safe
35,safe
142645,safe
109475,safe
58777,safe
876,safe
127931,safe
132555,safe
101221,safe
66159,safe
38444,safe
95757,safe
170420,safe
163270,safe
1068,safe
137596,safe
149245,safe
71555,unhealthy for sensitive groups
95968,safe
184,safe
39836,safe
62934,safe
166370,safe
128382,safe
139470,safe
21130,safe
657,safe
43227,safe
47573,safe
751,safe
40431,safe
169220,safe
30184,safe
122457,safe
35188,safe
31991,safe
104353,safe
128906,safe
23528,safe
98926,safe
17657,safe
15930,safe
570,safe
107702,safe
67318,safe
11887,safe
32308,safe
335,safe
121361,safe
168620,safe
104300,safe
71029,safe
30749,safe
110253,safe
61146,safe
164720,safe
102976,unhealthy for sensitive groups
82824,safe
53883,safe
163595,safe
101747,safe
67525,safe
101185,safe
59721,safe
149570,safe
138420,safe
68201,safe
31210,safe
86600,safe
10176,safe
125997,safe
166195,safe
24263,safe
2661,safe
494,safe
27066,safe
34652,safe
29134,safe
66854,safe
33020,safe
16041,safe
975,safe
290,safe
139020,safe
58607,safe
69517,safe
105218,safe
10858,safe
115018,safe
141720,safe
89033,safe
72705,safe
75071,safe
13347,safe
100,safe
13029,safe
137707,unhealthy for sensitive groups
55,safe
3212,safe
29858,safe
116367,safe
80138,safe
132668,safe
129321,safe
114807,safe
137795,safe
3102,safe
41822,safe
90022,safe
142370,safe
98231,safe
21440,safe
68,safe
139995,safe
102927,unhealthy for sensitive groups
11152,safe
71777,safe
141070,safe
124568,safe
230,safe
26654,safe
55274,safe
120273,safe
1523,safe
134678,safe
24125,safe
57695,safe
109827,safe
79295,safe
93869,safe
112693,safe
97656,safe
137522,safe
4885,safe
102048,safe
23917,unhealthy for sensitive groups
122482,safe
96679,safe
247,safe
437,safe
91281,safe
222,safe
149870,safe
146395,safe
960,safe
137239,safe
145120,safe
144245,safe
1105,safe
149345,safe
913,safe
4,safe
312,safe
707,safe
1097,safe
1559,safe
33492,safe
157070,safe
163145,safe
115782,safe
73617,safe
157045,safe
22852,safe
110350,safe
119678,safe
137277,safe
60267,safe
100489,safe
158120,safe
41260,safe
55225,safe
48,safe
39124,safe
169270,safe
61244,safe
81481,safe
152670,safe
67550,safe
881,safe
38526,safe
371,safe
103077,safe
6252,safe
31344,safe
3785,unhealthy for sensitive groups
108325,safe
39588,safe
61940,unhealthy for sensitive groups
137372,safe
138820,safe
120760,safe
75669,safe
93235,safe
56474,safe
140670,safe
679,safe
84874,unhealthy for sensitive groups
137628,safe
132923,safe
12009,safe
14350,safe
157345,safe
58133,safe
44825,safe
118647,safe
329,safe
129783,safe
127638,safe
5408,safe
114832,safe
28609,safe
33797,safe
1644,safe
64610,safe
11826,safe
128187,unhealthy for sensitive groups
24309,safe
161,safe
107238,safe
92709,safe
58838,safe
114670,safe
26198,safe
117004,safe
157620,safe
22557,safe
101247,safe
138045,safe
131,safe
120991,safe
60842,safe
24567,safe
296,safe
146920,safe
155945,unhealthy for sensitive groups
150645,safe
26834,safe
5041,safe
56,safe
156070,safe
11740,safe
88801,unhealthy for sensitive groups
22333,safe
91157,safe
49259,safe
29403,safe
154195,safe
96829,safe
72946,safe
90477,safe
143095,safe
165995,safe
135163,safe
131682,safe
8360,safe
162370,safe
12622,safe
119873,safe
22450,safe
136735,safe
7204,unhealthy for sensitive groups
126777,safe
13140,safe
139120,safe
925,safe
140745,safe
89790,safe
128931,safe
102133,safe
137319,safe
19741,safe
40150,safe
113845,safe
59267,safe
52955,safe
145945,safe
19705,safe
116002,unhealthy for sensitive groups
151345,safe
13762,safe
345,safe
61806,safe
40565,safe
53114,safe
165145,safe
125786,safe
9491,safe
53993,safe
162245,safe
31576,safe
121433,safe
7010,safe
12182,unhealthy for sensitive groups
11247,safe
92245,safe
28475,safe
145320,safe
21811,unhealthy for sensitive groups
18614,safe
10868,safe
562,safe
84265,safe
226,safe
16204,safe
46913,safe
20705,safe
1066,safe
21664,safe
873,safe
144720,safe
59,safe
118006,safe
62681,safe
137300,safe
147545,safe
91317,safe
87436,safe
107898,safe
160470,safe
109791,safe
95943,safe
61992,safe
61538,safe
74545,safe
70699,safe
138945,safe
43495,unhealthy for sensitive groups
11446,safe
123421,safe
11594,safe
145195,safe
64619,safe
65084,safe
26508,safe
167395,safe
111655,safe
36506,safe
25868,unhealthy for sensitive groups
63594,safe
35348,safe
143720,safe
34310,safe
1350,safe
165195,safe
137995,safe
101051,safe
75535,safe
32040,safe
61891,safe
128126,safe
134924,safe
81432,safe
1103,safe
34921,safe
2488,safe
116587,safe
37466,safe
878,safe
117333,safe
151370,safe
79079,safe
138470,safe
6855,safe
136654,safe
22851,safe
122749,safe
12365,safe
45985,safe
74937,safe
96607,safe
144320,safe
70480,safe
83154,safe
98453,safe
101479,safe
91378,safe
40947,safe
8,safe
530,unhealthy for sensitive groups
2660,safe
159970,safe
38685,safe
140195,safe
140370,safe
155495,safe
76623,unhealthy for sensitive groups
64973,safe
144670,safe
137624,safe
18418,safe
140945,safe
156470,unhealthy for sensitive groups
150195,safe
489,safe
140145,safe
131876,safe
134633,safe
137660,safe
27697,safe
78432,safe
161245,safe
141470,safe
566,safe
45400,safe
93771,safe
132070,safe
4768,safe
166595,safe
167270,safe
360,safe
37746,safe
144470,safe
464,safe
504,safe
37186,safe
139195,safe
670,safe
133893,safe
70186,safe
2918,safe
163445,safe
168995,safe
26492,safe
40614,safe
20273,safe
110083,safe
125591,safe
52651,safe
34421,safe
155970,unhealthy for sensitive groups
133295,safe
86286,safe
462,safe
122863,safe
82873,safe
114385,safe
157370,safe
128727,safe
162345,safe
131064,safe
111415,safe
45351,safe
137500,safe
100440,safe
511,safe
137417,safe
129552,safe
54688,safe
150945,safe
17085,safe
117528,safe
81,safe
73251,safe
22695,safe
133805,safe
725,safe
32687,safe
144770,safe
159095,safe
126582,safe
73643,safe
158020,safe
1375,safe
32223,safe
40,safe
3056,safe
9466,safe
69919,safe
170,safe
69043,safe
167145,safe
14167,safe
33956,safe
148920,safe
143245,safe
47866,safe
80468,safe
41162,safe
61842,safe
135409,safe
20075,safe
156320,safe
18320,safe
4017,safe
55839,safe
875,safe
690,safe
840,safe
731,safe
116233,safe
137296,safe
148770,safe
18372,safe
26223,safe
64179,safe
130235,safe
69553,safe
168920,safe
104425,safe
64326,safe
150420,safe
13286,safe
43165,safe
9482,safe
153045,unhealthy for sensitive groups
40284,safe
482,safe
684,safe
757,safe
107872,safe
853,safe
576,safe
79259,safe
148845,safe
78441,safe
806,safe
366,safe
165395,safe
276,safe
44694,safe
33004,safe
61659,safe
141370,safe
123141,unhealthy for sensitive groups
27530,safe
78246,unhealthy for sensitive groups
47988,safe
38428,safe
165295,safe
15159,safe
57670,safe
113038,safe
91732,safe
108532,safe
120556,safe
53762,safe
695,safe
99622,safe
70444,safe
81582,safe
153945,safe
55591,safe
195,safe
7443,safe
139945,safe
165,safe
90327,safe
21700,safe
127566,safe
142520,safe
2955,safe
32076,safe
134148,safe
169820,safe
156170,safe
84813,safe
168495,safe
112498,safe
37336,safe
168545,safe
46583,safe
133065,safe
113047,safe
781,safe
22842,safe
167820,safe
26260,safe
139570,safe
138245,safe
681,safe
74228,safe
73874,safe
68417,safe
131973,safe
82458,safe
103810,safe
125120,safe
93689,safe
24410,safe
57402,safe
39846,safe
108496,safe
112339,safe
46315,safe
121482,safe
100086,safe
1050,safe
314,safe
65169,safe
90023,safe
75231,safe
65731,safe
149895,safe
74277,unhealthy for sensitive groups
218,safe
15110,safe
117771,safe
84314,safe
106150,safe
132264,safe
148370,safe
762,safe
121751,safe
8307,safe
53968,safe
108068,safe
159195,safe
68612,unhealthy for sensitive groups
98695,safe
265,safe
43299,safe
133841,safe
167570,safe
157895,safe
46681,safe
136266,safe
7719,safe
169945,safe
64094,safe
40248,safe
85639,safe
938,safe
123300,safe
97009,safe
11394,safe
141545,safe
152770,safe
114823,safe
130287,safe
87824,safe
998,unhealthy for sensitive groups
239,safe
27949,safe
460,safe
97277,safe
163470,safe
30099,safe
42969,safe
153395,safe
58606,safe
17242,safe
287,safe
40724,safe
3334,safe
140295,safe
81591,safe
1019,safe
610,safe
121888,safe
157595,safe
891,safe
20551,safe
137262,safe
34163,safe
141395,safe
303,safe
70931,safe
108826,safe
132677,unhealthy for sensitive groups
68820,safe
152745,safe
115538,safe
144970,safe
854,safe
25342,safe
167920,safe
15306,safe
96398,safe
59937,safe
162720,safe
51135,safe
50259,safe
38917,safe
32798,unhealthy for sensitive groups
51001,safe
104166,safe
61770,safe
78746,safe
144895,safe
48269,unhealthy for sensitive groups
206,safe
370,safe
160845,safe
92196,safe
18160,safe
160395,safe
20429,safe
15195,safe
9577,safe
93225,safe
166070,safe
492,safe
147770,safe
537,safe
40483,safe
686,safe
24901,safe
129702,safe
112081,safe
71957,safe
899,safe
53569,safe
759,safe
63764,safe
119012,safe
18381,safe
166520,safe
103969,safe
21994,safe
44520,safe
54921,safe
123372,safe
85286,unhealthy for sensitive groups
90376,safe
6277,safe
90487,safe
123645,safe
86103,safe
92307,safe
165420,safe
368,safe
163820,safe
7946,safe
93699,safe
150595,safe
763,safe
91915,safe
130271,safe
130773,safe
103078,safe
71127,safe
91683,safe
155870,safe
137220,safe
777,safe
78710,safe
44155,safe
52857,safe
66381,safe
59730,safe
918,safe
37551,safe
136056,safe
25929,safe
65486,safe
9201,unhealthy for sensitive groups
141570,safe
145295,safe
163195,safe
120572,safe
113809,safe
71322,safe
22010,safe
90987,safe
107666,safe
89549,safe
83618,unhealthy for sensitive groups
20568,safe
142920,safe
42802,safe
11309,safe
901,safe
71908,safe
59669,safe
125932,safe
66195,safe
141695,safe
480,safe
143420,safe
148820,safe
70212,safe
802,safe
0,safe
141420,safe
29341,safe
160195,safe
8271,unhealthy for sensitive groups
108780,safe
256,safe
157220,safe
73349,safe
80968,safe
155145,safe
12760,safe
81350,safe
4360,safe
41358,safe
161320,safe
3931,safe
136638,safe
112388,safe
151445,safe
85517,safe
52259,safe
101999,safe
31027,unhealthy for sensitive groups
34725,safe
84118,safe
134342,safe
126786,safe
1461,safe
48099,unhealthy for sensitive groups
96192,safe
76854,safe
144645,safe
146870,safe
114430,safe
111193,safe
95891,safe
4213,safe
49026,safe
34188,safe
129117,safe
70980,safe
89961,unhealthy for sensitive groups
70418,safe
35579,safe
61574,safe
162470,safe
161695,safe
241,safe
165695,safe
1039,safe
488,safe
17033,safe
165820,safe
782,safe
107228,safe
174,safe
137688,safe
106663,safe
166170,safe
19643,safe
25316,safe
126835,safe
126468,unhealthy for sensitive groups
1026,safe
44337,safe
43763,safe
23574,safe
80004,unhealthy for sensitive groups
100077,safe
21753,safe
161945,safe
108630,safe
46351,safe
55384,safe
68942,safe
73068,safe
157695,safe
126517,unhealthy for sensitive groups
158820,safe
14020,unhealthy for sensitive groups
12797,safe
678,safe
589,safe
19006,safe
109253,safe
663,safe
142345,safe
158870,safe
7145,safe
35322,safe
157545,safe
701,safe
42348,safe
135199,safe
73483,safe
125542,safe
137139,safe
603,unhealthy for sensitive groups
64195,safe
14902,safe
92297,safe
101005,safe
887,safe
154545,safe
46037,safe
159770,safe
119288,safe
128922,safe
28707,safe
989,safe
150545,safe
156920,safe
17572,safe
20283,safe
168570,safe
11888,safe
122677,safe
784,safe
29943,safe
86884,safe
4638,safe
49481,safe
77622,safe
153895,safe
9960,safe
170360,safe
124934,safe
70858,safe
122,safe
13192,safe
128321,safe
23512,safe
145820,safe
69275,safe
60352,safe
121556,safe
42,safe
53105,safe
140445,safe
58,safe
74509,safe
58839,safe
9492,safe
147720,safe
81298,unhealthy for sensitive groups
65,safe
101917,safe
958,safe
29671,safe
81360,safe
91182,safe
16,safe
25783,safe
147620,safe
1096,safe
86214,safe
29,safe
20026,safe
30526,unhealthy for sensitive groups
88019,unhealthy for sensitive groups
25084,safe
55385,safe
137692,safe
26407,safe
44557,safe
811,safe
130563,safe
107042,safe
147195,unhealthy for sensitive groups
91451,safe
20515,safe
389,safe
156895,safe
286,safe
52589,safe
152495,safe
140570,safe
82958,safe
860,safe
83288,safe
106088,safe
93271,safe
61073,safe
5225,safe
60963,safe
963,safe
131989,safe
61012,safe
156,safe
70859,safe
82641,safe
9,safe
19447,safe
22297,safe
112056,safe
21863,safe
158995,unhealthy for sensitive groups
153720,safe
107970,safe
170440,safe
111168,safe
41420,safe
135215,safe
119606,safe
68648,safe
12597,safe
61976,safe
32101,safe
18675,safe
46510,safe
119581,safe
85871,safe
38,safe
90693,safe
66793,unhealthy for sensitive groups
120653,safe
15367,safe
157745,safe
54578,safe
87677,safe
62290,safe
110520,safe
34823,unhealthy for sensitive groups
90425,safe
29599,unhealthy for sensitive groups
9099,safe
73849,safe
130861,safe
3066,unhealthy for sensitive groups
154420,safe
103199,safe
137637,safe
87132,safe
30294,safe
5078,safe
103737,safe
75927,safe
76329,safe
127992,safe
57983,safe
142095,safe
143020,safe
83886,safe
19496,safe
550,safe
110803,safe
105022,safe
119411,safe
21802,safe
1024,safe
115063,safe
24015,safe
15514,safe
36907,safe
166220,safe
52344,safe
43226,safe
32092,safe
768,safe
154245,safe
861,safe
852,safe
56758,safe
112153,safe
63862,safe
60584,safe
158170,safe
19704,safe
130482,safe
29207,safe
149395,safe
525,safe
719,safe
18382,safe
149795,safe
139620,safe
107836,safe
31406,unhealthy for sensitive groups
23234,safe
793,safe
168270,safe
124019,safe
74571,unhealthy for sensitive groups
635,safe
164820,safe
144395,safe
155620,safe
20466,safe
123132,safe
1043,safe
110852,safe
26736,safe
107310,safe
116968,safe
74757,safe
19107,safe
118378,safe
86677,safe
170320,safe
155045,safe
115258,unhealthy for sensitive groups
116038,unhealthy for sensitive groups
574,safe
153770,safe
1660,safe
111877,safe
145045,unhealthy for sensitive groups
5617,safe
94585,safe
19557,safe
16775,safe
68283,safe
35055,unhealthy for sensitive groups
3445,unhealthy for sensitive groups
114004,safe
90229,safe
141045,safe
143970,safe
169470,safe
108679,safe
133223,safe
440,safe
26553,safe
28438,safe
164745,safe
61769,safe
161020,safe
107434,safe
419,safe
170095,safe
44374,safe
26371,safe
107506,safe
554,safe
124779,safe
54395,safe
72018,safe
168095,safe
1067,unhealthy for sensitive groups
1018,safe
160445,safe
947,safe
68014,safe
26113,safe
721,safe
137423,safe
123177,safe
404,safe
43691,safe
85981,safe
163220,safe
3658,safe
149495,safe
463,safe
137448,safe
10287,safe
414,safe
53752,safe
283,safe
120377,safe
169070,safe
170415,safe
165120,safe
166920,safe
133505,safe
1081,safe
981,safe
94353,safe
18676,safe
168970,safe
71091,safe
14522,safe
9639,unhealthy for sensitive groups
165720,safe
107604,unhealthy for sensitive groups
66329,safe
307,safe
6608,safe
61760,safe
164995,safe
154220,safe
131804,safe
73,safe
78126,safe
156045,safe
108764,safe
165570,safe
51599,safe
159870,safe
92147,safe
739,safe
66280,safe
1021,safe
128711,safe
939,unhealthy for sensitive groups
69259,safe
137398,unhealthy for sensitive groups
9924,safe
54346,safe
518,safe
69406,safe
41590,safe
150170,safe
105650,safe
88141,unhealthy for sensitive groups
42750,unhealthy for sensitive groups
144745,safe
6121,safe
133586,safe
142495,safe
269,safe
4980,safe
12303,safe
95907,safe
27298,safe
28661,safe
137252,safe
109338,safe
30331,safe
160820,safe
145395,safe
25048,unhealthy for sensitive groups
137770,safe
117154,safe
755,safe
113491,safe
1,safe
44276,safe
132086,safe
158620,safe
18225,safe
24603,safe
101469,safe
971,safe
89497,safe
39373,safe
105881,safe
121141,safe
466,safe
61064,safe
113784,safe
98463,safe
153295,safe
83,safe
106345,safe
170345,safe
71591,safe
2857,unhealthy for sensitive groups
844,safe
14771,safe
134439,safe
133902,safe
124398,safe
137461,safe
114369,safe
445,safe
58195,safe
51527,safe
122554,safe
151845,safe
92977,safe
20404,safe
102097,safe
8186,unhealthy for sensitive groups
99,safe
194,safe
99231,safe
57304,safe
137650,safe
96362,safe
78005,safe
148320,safe
788,safe
203,safe
155170,safe
127212,safe
114190,safe
1902,unhealthy for sensitive groups
129881,safe
27396,safe
285,safe
162170,safe
32174,safe
56010,safe
143595,safe
822,unhealthy for sensitive groups
1046,safe
31396,safe
95040,safe
65279,safe
137716,unhealthy for sensitive groups
163095,safe
136751,safe
5372,unhealthy for sensitive groups
67025,safe
146020,safe
15661,safe
146845,safe
962,safe
69284,safe
668,safe
158570,safe
769,safe
21562,safe
1070,safe
168420,safe
36018,safe
63447,safe
112648,safe
94101,safe
122067,safe
3187,safe
82974,safe
23868,safe
21294,safe
110204,safe
75695,unhealthy for sensitive groups
77,safe
19349,safe
164220,safe
22186,safe
520,safe
25022,safe
7479,safe
100309,safe
746,safe
27975,safe
306,safe
128541,safe
69089,safe
150620,safe
74998,safe
131549,safe
36214,unhealthy for sensitive groups
14669,safe
82494,safe
138145,safe
97302,safe
76390,safe
156845,safe
112267,safe
107897,safe
676,safe
379,safe
30,safe
268,safe
121157,safe
20715,safe
160945,safe
96005,safe
51563,safe
139670,safe
41028,safe
118169,safe
586,safe
170245,safe
70443,safe
68247,safe
85175,safe
150820,safe
13055,safe
709,safe
59499,safe
6363,unhealthy for sensitive groups
79527,safe
78514,safe
148595,safe
920,safe
18712,safe
1033,safe
74339,unhealthy for sensitive groups
16628,safe
57170,safe
121352,safe
70382,safe
158520,safe
78905,safe
112202,safe
95720,safe
95024,safe
73865,safe
111861,safe
106284,safe
58875,safe
112462,safe
113455,safe
31173,safe
55840,safe
6803,unhealthy for sensitive groups
1010,safe
836,safe
47867,unhealthy for sensitive groups
49661,unhealthy for sensitive groups
814,safe
130676,safe
137480,safe
318,safe
32370,safe
144220,safe
26663,safe
99829,safe
618,safe
111083,safe
148695,safe
23659,safe
89265,safe
156420,safe
74692,safe
47,safe
927,safe
58097,safe
156445,safe
42237,safe
24420,safe
58829,safe
15048,safe
60841,safe
170425,safe
507,safe
149820,safe
142,safe
84033,safe
186,safe
96875,safe
105012,safe
906,safe
92379,safe
66744,safe
42116,safe
114953,safe
160620,safe
4894,safe
86652,safe
143520,safe
163295,safe
37515,safe
87958,safe
166245,safe
12993,safe
46501,safe
20751,safe
54529,safe
80663,safe
73715,safe
163345,safe
96313,safe
34653,safe
163970,safe
168195,safe
16791,safe
27249,safe
68673,safe
17804,safe
87628,safe
139695,safe
127167,safe
51758,safe
152120,safe
127176,safe
111229,safe
146270,safe
87347,safe
6985,safe
104,safe
159745,safe
111314,safe
322,safe
31112,safe
105290,safe
14229,unhealthy for sensitive groups
118055,safe
97888,safe
159245,safe
162045,safe
90719,safe
141495,safe
51759,safe
131407,safe
60548,safe
68811,safe
25332,safe
349,safe
66512,safe
120581,safe
116074,unhealthy for sensitive groups
162745,safe
59257,safe
119216,safe
149195,safe
50308,safe
91610,safe
96777,safe
126221,safe
18098,safe
163320,safe
44410,safe
154,safe
139895,safe
6314,safe
80200,safe
148495,safe
105217,safe
25672,safe
60368,safe
16592,safe
31694,safe
526,safe
31246,safe
77025,safe
149770,safe
132167,safe
130101,safe
169645,safe
31174,safe
108594,safe
161645,safe
36250,safe
160920,safe
141170,safe
54679,safe
79942,safe
150095,safe
140620,safe
619,safe
55143,safe
13493,safe
24394,safe
1229,unhealthy for sensitive groups
51063,safe
70895,safe
15946,safe
50357,safe
167,safe
132361,safe
472,safe
113419,safe
145870,safe
159645,safe
155545,safe
64826,safe
45851,safe
84359,safe
22,safe
113605,safe
6020,unhealthy for sensitive groups
25427,safe
6131,safe
8324,unhealthy for sensitive groups
117674,safe
11299,safe
111922,safe
20898,safe
135923,safe
152995,safe
15747,safe
125201,safe
62620,safe
73401,safe
12944,safe
11430,safe
612,safe
76149,safe
137290,safe
33029,unhealthy for sensitive groups
396,safe
10611,safe
43923,unhealthy for sensitive groups
54225,safe
84144,safe
136699,safe
114645,safe
135729,safe
130332,safe
23133,safe
8737,safe
7909,safe
137845,safe
152445,safe
151195,safe
481,safe
68893,safe
27200,safe
58463,safe
40300,safe
66427,safe
500,safe
166345,safe
493,safe
72921,safe
90718,safe
59071,safe
92761,safe
46279,safe
917,safe
72885,safe
148170,safe
22150,safe
47377,safe
94631,safe
4601,safe
14523,safe
1072,safe
70016,safe
92111,safe
103309,safe
30465,safe
29805,safe
126,safe
119971,safe
423,safe
68005,safe
155345,safe
39150,safe
137656,safe
155120,safe
137490,safe
4115,unhealthy for sensitive groups
31870,safe
85492,safe
64387,safe
17379,safe
79161,safe
27974,safe
50770,safe
101246,safe
166020,safe
148020,safe
2909,safe
53053,safe
84143,safe
955,safe
101710,safe
1020,safe
105872,safe
135312,safe
122408,safe
155220,safe
65047,safe
153795,safe
32565,safe
1084,safe
38062,safe
11924,safe
21579,safe
64277,safe
134290,safe
104593,safe
50624,safe
28670,safe
19679,safe
157120,safe
95272,safe
146145,safe
71081,safe
151595,safe
148270,safe
76793,safe
165595,safe
47096,safe
292,safe
99597,safe
159795,safe
133877,safe
83680,safe
33467,safe
81798,safe
15,safe
136444,safe
101368,safe
147020,safe
164770,safe
164070,safe
114661,safe
74561,safe
137545,safe
160795,safe
20852,safe
37345,safe
27965,safe
21615,safe
98462,safe
91183,safe
149470,safe
43665,safe
1042,safe
982,safe
50588,safe
67087,safe
120946,safe
137487,safe
17241,safe
137395,safe
24754,safe
28429,safe
38758,safe
83484,safe
119447,safe
549,safe
61378,safe
113650,safe
76427,safe
137184,safe
80638,safe
75463,unhealthy for sensitive groups
55555,safe
91,safe
156295,safe
156795,safe
61476,safe
167770,safe
260,safe
23538,safe
9638,safe
103300,safe
9381,safe
55823,safe
91500,safe
158370,safe
159470,safe
108264,safe
1816,safe
137338,safe
162770,safe
673,safe
116428,safe
4069,safe
141220,safe
151420,safe
143220,safe
35107,safe
118914,safe
164,safe
18234,safe
140895,safe
48867,safe
51697,safe
49490,safe
63728,safe
115343,safe
91647,safe
165520,safe
98865,safe
47475,safe
123067,safe
43201,safe
65918,safe
116197,safe
161520,safe
20983,safe
76280,safe
148945,safe
395,safe
41956,safe
166645,safe
149720,safe
137474,safe
169145,safe
53517,safe
146595,safe
168070,safe
133029,safe
101087,safe
34420,safe
159545,safe
103944,safe
2367,safe
79967,safe
110937,safe
84777,safe
73411,safe
87909,safe
135596,safe
154345,safe
65990,safe
137404,unhealthy for sensitive groups
15600,safe
111630,safe
155,safe
151470,safe
132248,safe
29109,safe
141020,safe
50867,safe
148220,safe
158745,safe
137720,safe
88203,safe
546,safe
426,safe
39784,safe
136832,safe
528,safe
145545,safe
53410,safe
119792,safe
154795,safe
8048,unhealthy for sensitive groups
84216,safe
168720,safe
71212,safe
131646,safe
132034,safe
134229,safe
82030,safe
160970,safe
148795,safe
45485,safe
76391,safe
52213,safe
1057,safe
169120,safe
17682,safe
72,safe
69285,safe
6900,safe
56340,safe
126884,safe
152020,safe
154920,safe
100541,safe
161070,safe
132095,safe
47292,unhealthy for sensitive groups
98669,safe
67489,safe
73875,safe
1102,safe
24064,safe
79968,unhealthy for sensitive groups
151945,safe
93148,safe
54115,safe
19385,safe
151520,safe
44972,safe
120507,safe
94854,safe
78442,unhealthy for sensitive groups
15858,safe
161720,safe
829,safe
107656,safe
5032,safe
143195,safe
153670,safe
10842,safe
95793,safe
128532,safe
639,safe
57585,safe
119037,safe
193,safe
75120,safe
123898,safe
68185,safe
155645,safe
134423,safe
16837,safe
362,safe
162145,safe
78674,safe
1031,safe
10480,safe
138770,safe
95959,safe
1092,safe
140,safe
14927,safe
1203,safe
32566,safe
134254,safe
33199,safe
147445,safe
101926,safe
7633,safe
47047,safe
22999,safe
7893,safe
2130,safe
147170,safe
134714,safe
146970,safe
126176,safe
79311,safe
78795,safe
1086,safe
23684,safe
10409,safe
953,safe
139345,safe
82983,safe
12846,safe
23218,safe
161120,safe
84679,safe
8738,safe
117553,safe
42322,safe
40931,safe
73764,safe
40761,safe
5163,safe
143870,safe
162895,safe
17,safe
29135,safe
21415,safe
52455,safe
133126,safe
118071,safe
15012,safe
1791,safe
951,safe
66,safe
165745,safe
641,safe
5873,safe
156570,safe
133020,safe
101685,safe
87485,safe
540,safe
38490,safe
100159,safe
27481,safe
90709,safe
101701,safe
110058,safe
46,safe
122018,safe
48733,unhealthy for sensitive groups
136178,safe
259,safe
147795,safe
29366,safe
85749,safe
150145,safe
76381,safe
7670,safe
159120,safe
49929,safe
61280,safe
146895,safe
130685,safe
150920,safe
53834,safe
52222,safe
70284,safe
986,safe
35518,safe
705,safe
6,safe
112852,safe
126972,unhealthy for sensitive groups
151220,safe
95273,safe
154045,safe
169920,safe
92856,safe
5702,safe
117690,safe
36968,safe
136117,safe
115453,safe
616,safe
96139,safe
107274,safe
48037,safe
29821,safe
138495,safe
198,safe
954,safe
117625,safe
127492,safe
145570,safe
161570,safe
32834,safe
1755,unhealthy for sensitive groups
164420,safe
69455,unhealthy for sensitive groups
1014,safe
1012,safe
124373,safe
4895,unhealthy for sensitive groups
156745,safe
69507,safe
121933,safe
101927,safe
52418,safe
162220,safe
159070,safe
98120,safe
75926,safe
146820,safe
127407,safe
137575,safe
27164,safe
114904,safe
90254,safe
112251,safe
7154,safe
299,safe
77086,safe
115648,safe
31743,safe
123654,safe
67319,safe
79736,safe
85740,safe
94,safe
258,safe
60832,safe
1029,safe
818,safe
15809,safe
16152,safe
134448,safe
32102,safe
139295,safe
43959,unhealthy for sensitive groups
149845,safe
146620,safe
62754,safe
119801,safe
162295,safe
64204,safe
97509,safe
167520,safe
46547,safe
37567,safe
166620,safe
49233,safe
45655,safe
160570,safe
64021,safe
1089,safe
152470,safe
152095,safe
132907,safe
21847,safe
13925,safe
163895,safe
75901,safe
84,safe
89131,safe
18823,safe
93441,safe
62718,safe
37105,safe
28011,safe
86848,safe
80190,safe
102195,safe
47857,safe
141,safe
164595,safe
20136,safe
78648,safe
156870,safe
137560,safe
60185,safe
69,safe
106114,safe
27334,safe
127761,unhealthy for sensitive groups
94765,unhealthy for sensitive groups
136081,safe
250,safe
310,safe
161395,safe
95,safe
90608,safe
52873,safe
80895,safe
17327,safe
133198,safe
132289,safe
158595,safe
144870,safe
9430,safe
155845,safe
22104,safe
39820,safe
85285,safe
2762,safe
89781,safe
15505,safe
199,safe
134193,safe
107787,safe
102329,safe
69491,safe
138270,safe
634,safe
44511,safe
105604,safe
64558,safe
254,safe
8823,safe
170145,safe
155770,safe
18822,safe
139170,safe
153920,safe
105254,safe
5994,safe
10,safe
560,safe
11051,safe
106516,safe
157520,safe
34643,safe
152320,safe
105424,safe
37284,safe
62218,safe
39039,safe
136153,safe
143995,safe
67773,safe
48563,safe
57634,safe
127371,safe
11161,safe
149545,safe
408,safe
135959,safe
502,safe
14780,safe
155695,safe
21578,safe
147895,safe
6415,safe
80932,safe
12708,safe
166945,safe
48073,safe
983,safe
47197,unhealthy for sensitive groups
116,safe
67257,safe
163695,safe
108019,safe
122278,safe
165970,safe
83850,safe
165670,safe
151620,safe
115002,safe
140820,safe
26051,safe
9115,safe
272,safe
100551,safe
122946,safe
106320,safe
51501,safe
134484,safe
33359,safe
83438,safe
786,safe
107408,safe
167870,safe
14608,safe
139595,safe
13615,safe
96728,safe
22019,safe
50409,safe
88409,unhealthy for sensitive groups
118241,safe
154120,safe
50822,safe
170330,safe
652,safe
107,safe
117589,safe
83337,safe
69052,safe
7617,safe
15073,safe
243,safe
1265,safe
45341,safe
3775,safe
106996,safe
38454,safe
52063,safe
914,safe
139320,safe
857,safe
131055,safe
130491,safe
113305,safe
92807,safe
40310,safe
26067,safe
50952,safe
62522,unhealthy for sensitive groups
27127,safe
102365,safe
157420,safe
105856,safe
83911,safe
108316,safe
146295,safe
142320,safe
1608,safe
35933,safe
124044,safe
142045,safe
37807,safe
169295,safe
128346,safe
776,safe
553,safe
93173,safe
273,safe
148720,safe
13935,safe
58561,safe
95050,safe
90925,safe
118638,safe
72467,unhealthy for sensitive groups
97339,safe
146120,safe
128675,safe
933,safe
127346,safe
71395,safe
17278,safe
67989,safe
17915,safe
131610,safe
2084,safe
170340,safe
417,safe
1028,safe
674,safe
102159,safe
133214,safe
111,safe
132386,safe
137509,safe
107424,safe
100773,safe
144570,safe
128272,safe
142120,safe
722,safe
912,safe
133,safe
4470,safe
138320,safe
77540,safe
16057,safe
24891,safe
976,safe
95049,safe
82324,safe
145345,safe
236,safe
34627,safe
82520,safe
7755,safe
134581,safe
111646,safe
62,safe
40068,safe
169320,safe
17388,safe
1054,safe
158095,safe
104996,safe
12761,safe
169620,safe
107359,safe
46717,safe
62208,safe
155470,safe
95711,safe
50490,safe
86750,safe
14081,safe
138170,safe
131294,safe
137599,safe
40114,safe
39686,safe
61427,safe
166870,safe
18519,safe
89448,safe
65401,safe
542,safe
170430,safe
71323,safe
167245,safe
9528,safe
1099,safe
109852,safe
27791,safe
71163,safe
115807,safe
127956,safe
162570,safe
136169,safe
154295,safe
142770,safe
17719,safe
106944,safe
136469,safe
90941,safe
157095,safe
33725,safe
48089,unhealthy for sensitive groups
5727,safe
159020,unhealthy for sensitive groups
18123,safe
130967,safe
56767,safe
36461,safe
39614,safe
26638,safe
590,safe
123840,safe
32772,safe
152245,safe
127882,unhealthy for sensitive groups
85554,safe
44495,safe
146445,safe
17232,safe
36923,safe
78416,safe
145420,safe
153595,safe
164395,safe
133796,safe
177,safe
9675,safe
132176,safe
8222,safe
101832,safe
141870,safe
26456,safe
139970,safe
95443,safe
354,safe
78077,safe
137284,safe
92,safe
138195,safe
153195,safe
141995,safe
84959,safe
114791,safe
157395,safe
157020,safe
132,safe
83386,unhealthy for sensitive groups
727,safe
1032,safe
22451,safe
91781,safe
103542,safe
661,safe
92343,safe
111740,safe
94890,safe
109387,safe
77524,safe
92075,safe
139095,safe
165795,safe
1030,safe
85972,safe
100904,safe
56536,safe
111265,safe
130870,safe
162620,safe
1044,safe
82752,safe
19300,safe
152545,safe
108548,safe
137347,safe
25635,safe
137579,safe
169545,safe
738,safe
118622,safe
29305,safe
109511,safe
116903,safe
99365,safe
158720,safe
99195,safe
152720,safe
150495,safe
85590,safe
80886,safe
38160,safe
120157,safe
94183,safe
138895,safe
145695,safe
165270,safe
63826,safe
81994,safe
77390,safe
140345,safe
851,safe
115843,safe
846,safe
89729,safe
43116,safe
59045,safe
61744,safe
137611,safe
139520,safe
106382,safe
5016,safe
3576,safe
60731,safe
13176,safe
19558,safe
60499,safe
996,safe
137895,safe
202,safe
20862,safe
46632,safe
45449,safe
36043,safe
8133,safe
160520,safe
144195,safe
8583,safe
147470,safe
973,safe
131840,safe
134811,safe
72937,safe
79553,safe
153970,safe
53798,safe
80654,safe
26077,unhealthy for sensitive groups
1087,safe
122092,safe
32,safe
15342,safe
557,safe
70626,safe
78236,safe
48135,unhealthy for sensitive groups
447,safe
115798,safe
71787,safe
127557,safe
159270,safe
159145,safe
130186,safe
138795,safe
97045,safe
30367,safe
169970,safe
158345,safe
61528,safe
715,safe
120386,safe
112,safe
73642,safe
146545,safe
20604,safe
133550,safe
162395,safe
1003,safe
9629,safe
65954,safe
47402,safe
94146,safe
89317,safe
78844,unhealthy for sensitive groups
12329,unhealthy for sensitive groups
80422,safe
69739,safe
936,safe
102891,unhealthy for sensitive groups
28279,safe
75499,unhealthy for sensitive groups
154895,safe
88239,safe
91964,safe
46449,unhealthy for sensitive groups
120325,safe
138520,safe
41187,unhealthy for sensitive groups
45325,safe
106712,safe
83105,safe
124584,safe
56376,safe
30831,safe
133611,unhealthy for sensitive groups
14082,unhealthy for sensitive groups
923,safe
137376,safe
79125,safe
106346,safe
67355,safe
49099,safe
140395,safe
478,unhealthy for sensitive groups
147845,safe
1219,safe
85956,safe
13432,safe
150370,safe
12156,safe
102793,unhealthy for sensitive groups
120175,safe
37417,safe
166545,safe
91549,safe
125129,safe
76927,safe
161145,safe
137391,safe
150270,safe
135878,safe
68514,unhealthy for sensitive groups
65038,safe
163545,safe
110,safe
1094,safe
4556,unhealthy for sensitive groups
74106,safe
734,safe
6510,safe
31942,safe
514,safe
10705,safe
356,safe
1060,safe
32333,safe
160120,safe
15220,safe
29573,safe
23537,safe
149445,safe
107470,safe
300,safe
141595,safe
151270,safe
73117,unhealthy for sensitive groups
108130,safe
135887,safe
147270,safe
43690,safe
6461,safe
699,unhealthy for sensitive groups
15368,safe
149045,safe
169395,safe
108790,safe
99391,safe
76695,safe
135684,safe
4323,safe
19153,safe
135984,safe
96581,safe
126387,unhealthy for sensitive groups
74329,unhealthy for sensitive groups
163670,safe
890,safe
40663,safe
7394,safe
102158,safe
124593,safe
41,safe
46083,safe
153695,safe
46269,safe
65511,safe
749,safe
117820,safe
152295,safe
38990,safe
170045,safe
160670,safe
53553,safe
96643,safe
41884,safe
37964,safe
21909,safe
37612,safe
653,safe
25773,safe
155245,safe
14219,safe
152695,safe
163495,safe
51295,safe
691,safe
45815,safe
1036,safe
34493,safe
142820,safe
80199,safe
42054,safe
163995,safe
16497,safe
133683,safe
128772,safe
915,safe
132774,safe
166420,safe
84481,safe
76048,safe
358,safe
20,safe
78942,safe
64852,safe
161970,safe
313,safe
168595,safe
109924,safe
24900,safe
78041,safe
92074,safe
995,safe
93539,safe
388,safe
62424,unhealthy for sensitive groups
24639,safe
170355,safe
164270,safe
82056,safe
116464,safe
32540,safe
5188,safe
153545,safe
123726,safe
154870,safe
92771,safe
42115,safe
128077,safe
2048,safe
41642,safe
31860,safe
154095,safe
148295,safe
157495,safe
7221,unhealthy for sensitive groups
26162,safe
139445,safe
140920,safe
61074,safe
115213,safe
151170,safe
97607,safe
111363,safe
76133,safe
19973,safe
30758,safe
45,safe
122287,safe
120,safe
25480,safe
158420,safe
1049,safe
146170,safe
17389,safe
147595,safe
56510,safe
14513,safe
14963,safe
536,safe
145845,safe
17094,safe
158,safe
155895,safe
132616,safe
79089,safe
145270,safe
23476,safe
131116,safe
90486,safe
88177,safe
138645,safe
81102,safe
88837,safe
88435,unhealthy for sensitive groups
26,unhealthy for sensitive groups
148445,safe
149670,safe
5433,safe
37,safe
42995,safe
113217,safe
7155,safe
5434,safe
140545,safe
166995,safe
766,safe
23832,safe
95256,safe
82,safe
73581,safe
154770,safe
19790,safe
52821,safe
31622,safe
138120,safe
35982,safe
77061,safe
14644,safe
58081,safe
63362,safe
17621,safe
28671,safe
133780,safe
147120,safe
115099,safe
158470,safe
164670,safe
167970,unhealthy for sensitive groups
279,safe
10470,safe
44459,safe
169870,safe
164545,safe
82742,safe
3396,safe
84082,unhealthy for sensitive groups
3870,safe
17673,safe
67061,safe
104042,safe
108558,safe
125981,safe
425,safe
96911,safe
22594,unhealthy for sensitive groups
16005,safe
160020,safe
106748,safe
10741,safe
93637,safe
16066,safe
134060,unhealthy for sensitive groups
7257,safe
108084,safe
47181,unhealthy for sensitive groups
10696,safe
18565,safe
106003,safe
116123,unhealthy for sensitive groups
13484,safe
137243,safe
79674,unhealthy for sensitive groups
84566,safe
26214,safe
157570,safe
118524,safe
140095,safe
34395,safe
136,safe
800,safe
139495,safe
109094,safe
22826,safe
18124,safe
134617,safe
21183,safe
151570,safe
115684,safe
89095,safe
16653,safe
33261,safe
717,safe
167645,unhealthy for sensitive groups
151020,safe
152395,safe
4833,safe
13971,safe
3784,safe
33715,safe
163570,safe
13640,safe
145170,safe
137281,safe
165895,safe
142145,safe
126640,safe
16947,safe
103248,safe
637,safe
538,safe
911,safe
74338,unhealthy for sensitive groups
131222,safe
905,safe
10009,safe
115977,unhealthy for sensitive groups
39356,safe
1228,safe
146995,safe
147970,safe
82751,safe
824,safe
43459,unhealthy for sensitive groups
337,safe
35091,safe
39445,safe
122798,safe
56071,safe
142795,safe
45109,safe
23953,safe
2211,safe
141645,safe
12414,safe
317,safe
5326,safe
66390,safe
5470,safe
51517,safe
52027,safe
12450,safe
112843,safe
99854,safe
2893,safe
113233,safe
124035,safe
145720,safe
83216,safe
83206,safe
1047,safe
42005,safe
97,safe
84134,safe
103960,safe
328,safe
6709,safe
16644,safe
106980,safe
111825,safe
106336,safe
54,safe
109742,safe
72457,safe
1167,safe
77854,safe
166270,safe
24100,safe
43922,safe
130942,safe
60610,unhealthy for sensitive groups
135765,safe
69125,safe
114174,safe
578,safe
35469,safe
49017,safe
135790,safe
149020,safe
61708,safe
88020,safe
904,safe
162020,safe
141795,safe
27575,safe
101551,safe
424,safe
161745,safe
149595,safe
143545,safe
50186,safe
166745,safe
67541,safe
14314,unhealthy for sensitive groups
145920,safe
373,safe
141620,safe
44776,safe
76845,safe
131125,safe
848,safe
88092,safe
95122,safe
57866,safe
108166,safe
131319,safe
830,safe
166845,safe
119483,safe
68015,safe
104156,safe
137643,safe
85224,unhealthy for sensitive groups
66365,safe
25930,safe
9299,safe
25626,safe
10202,safe
169370,safe
69053,safe
38258,safe
91833,safe
88605,unhealthy for sensitive groups
19411,safe
78175,safe
534,safe
298,safe
49991,safe
19548,safe
54663,safe
144945,safe
125802,safe
150870,safe
53115,safe
14203,safe
27648,safe
718,safe
66149,safe
74179,safe
59266,safe
169570,safe
406,safe
44740,unhealthy for sensitive groups
98499,safe
152270,safe
143745,safe
7104,safe
34884,safe
108960,safe
63114,safe
544,safe
294,safe
73947,safe
57947,safe
148395,safe
72751,safe
63300,safe
161195,safe
161170,safe
141295,safe
153620,safe
104532,safe
44145,safe
28975,safe
17180,safe
112729,safe
993,safe
61512,safe
30981,safe
5718,safe
631,safe
142020,safe
30733,safe
30135,safe
167545,safe
65218,safe
176,safe
164895,safe
63780,safe
931,unhealthy for sensitive groups
896,safe
137258,safe
54457,safe
31792,safe
30991,unhealthy for sensitive groups
68991,safe
131779,safe
41492,safe
57206,safe
111545,safe
167995,safe
24505,safe
40199,safe
145220,safe
137548,safe
164520,safe
10516,safe
118719,safe
34411,safe
150845,safe
65502,safe
1412,safe
685,safe
31,safe
45289,safe
40492,safe
155420,safe
151745,safe
136275,safe
131601,safe
66622,safe
137366,safe
280,safe
70617,safe
58597,safe
1017,safe
110386,safe
165220,safe
124203,safe
131416,safe
454,safe
19410,safe
116782,unhealthy for sensitive groups
155570,safe
9776,safe
56974,safe
40077,safe
34189,unhealthy for sensitive groups
157145,safe
156195,safe
90657,safe
25610,safe
274,safe
30063,safe
72307,safe
658,safe
150395,safe
168445,safe
26870,safe
152795,safe
94667,safe
6010,safe
157295,safe
156970,safe
125445,safe
13091,safe
139245,safe
132826,unhealthy for sensitive groups
109228,safe
20430,safe
77782,safe
95505,safe
93905,safe
143695,safe
598,safe
21873,safe
97192,safe
163120,safe
22271,safe
6019,safe
16948,safe
47634,safe
106764,safe
11015,safe
97241,safe
158395,safe
70434,safe
107237,safe
154070,safe
595,safe
109289,safe
56572,safe
103408,safe
52295,safe
115603,safe
11724,safe
39320,safe
99427,safe
24566,safe
85724,safe
2,safe
154395,safe
2772,unhealthy for sensitive groups
169245,safe
15894,safe
51880,safe
964,safe
100355,safe
79393,safe
110581,safe
18467,safe
143670,safe
147045,safe
99927,safe
22643,unhealthy for sensitive groups
135454,safe
13641,safe
12882,safe
77988,safe
15711,safe
85456,unhealthy for sensitive groups
86466,safe
118833,safe
160545,safe
45789,safe
163795,safe
63960,safe
25920,safe
146795,safe
748,safe
112303,safe
130,safe
37928,safe
516,safe
132280,safe
134739,safe
70833,safe
25782,safe
108093,safe
20221,safe
59953,safe
143495,safe
96606,safe
116952,safe
35652,safe
304,safe
66927,safe
147570,safe
164695,safe
23391,safe
81896,safe
159695,safe
137541,safe
11162,safe
123775,safe
43067,safe
73153,safe
62388,safe
144920,safe
2746,safe
51269,safe
34127,safe
11593,safe
910,safe
143295,safe
13045,safe
169895,safe
53337,safe
161370,safe
4324,safe
52723,safe
23427,safe
94363,safe
48562,safe
158245,safe
700,safe
42811,safe
106,safe
110155,safe
45557,safe
165620,safe
101,safe
154270,safe
146245,safe
40846,safe
168020,safe
84180,safe
147870,safe
86668,safe
567,safe
137535,safe
143920,safe
188,safe
83447,safe
422,safe
149120,safe
104764,safe
103150,safe
88471,unhealthy for sensitive groups
137334,safe
149745,safe
58427,safe
162270,safe
36445,safe
115027,safe
129393,safe
29720,safe
4167,safe
807,safe
160245,safe
1040,safe
164120,safe
129312,safe
35286,unhealthy for sensitive groups
57768,safe
113354,safe
20861,safe
135118,safe
36640,safe
94716,safe
88556,unhealthy for sensitive groups
919,safe
859,safe
640,safe
60195,safe
102829,unhealthy for sensitive groups
716,safe
152370,safe
93967,safe
69821,safe
36409,safe
16543,safe
72421,unhealthy for sensitive groups
55189,safe
115612,safe
5336,unhealthy for sensitive groups
2697,safe
119532,safe
18970,safe
39,safe
418,safe
72189,safe
93467,safe
129003,safe
51233,safe
109439,safe
55689,safe
138,safe
790,safe
46253,safe
38954,safe
32788,safe
65120,safe
60682,safe
145070,unhealthy for sensitive groups
711,safe
128967,safe
144420,safe
110630,safe
80700,safe
103505,safe
152820,safe
1073,safe
152145,safe
4471,safe
31621,safe
141845,safe
114394,safe
351,safe
46511,safe
163720,safe
126006,safe
113119,safe
101453,safe
166470,safe
987,safe
137695,safe
107640,safe
25565,safe
48171,safe
86420,safe
157720,safe
33895,unhealthy for sensitive groups
121166,safe
87521,safe
19851,safe
8774,safe
468,safe
35750,safe
153445,unhealthy for sensitive groups
100257,safe
44874,safe
30599,unhealthy for sensitive groups
45191,safe
162870,safe
165045,safe
22487,unhealthy for sensitive groups
344,safe
81814,safe
133938,safe
85054,unhealthy for sensitive groups
90,safe
115489,safe
76597,unhealthy for sensitive groups
1035,safe
95479,safe
12218,safe
162595,safe
86946,unhealthy for sensitive groups
28206,safe
648,safe
49491,unhealthy for sensitive groups
110536,safe
90013,safe
432,safe
132862,unhealthy for sensitive groups
24557,safe
886,safe
234,safe
68051,safe
97473,safe
43433,safe
32138,safe
87204,safe
144795,safe
99623,safe
166720,safe
97424,safe
93503,safe
62656,safe
27350,safe
16188,safe
145145,safe
98963,safe
93050,safe
442,safe
308,safe
139870,unhealthy for sensitive groups
672,safe
139220,safe
113540,safe
77087,safe
2341,safe
154845,safe
67077,safe
80089,safe
107555,safe
185,safe
28645,safe
137745,safe
80,safe
124,safe
85920,safe
89094,safe
133259,safe
4079,unhealthy for sensitive groups
63790,safe
30501,unhealthy for sensitive groups
119597,safe
14366,safe
17536,safe
123824,safe
23978,safe
83654,safe
94003,safe
144145,safe
128516,safe
168820,safe
39140,safe
114226,safe
157945,safe
26785,safe
55091,safe
65270,safe
39543,safe
137379,safe
50,safe
105918,safe
34591,safe
76855,safe
116623,safe
7808,safe
47207,unhealthy for sensitive groups
47671,safe
145445,safe
86152,safe
18528,safe
116513,safe
85358,safe
147395,safe
121897,safe
124194,safe
128736,safe
24456,safe
18650,safe
13338,safe
57902,safe
629,safe
129507,safe
64790,safe
89863,safe
29635,unhealthy for sensitive groups
33761,safe
98,safe
744,safe
35152,unhealthy for sensitive groups
213,safe
115294,safe
67757,safe
157645,safe
60600,unhealthy for sensitive groups
103970,safe
53578,safe
144295,safe
26932,safe
64241,unhealthy for sensitive groups
535,safe
96228,safe
64594,safe
100953,safe
73813,safe
129198,safe
122262,safe
25636,safe
107433,safe
169420,safe
34261,safe
55607,safe
88935,safe
21441,safe
62897,safe
75230,safe
87,safe
19826,safe
56144,safe
12512,safe
75685,safe
150970,safe
31658,safe
346,unhealthy for sensitive groups
79589,safe
5848,safe
104789,safe
136363,safe
166795,safe
13579,safe
309,safe
103496,safe
135357,safe
110731,safe
68795,safe
37798,safe
99613,safe
16800,safe
41773,safe
84643,unhealthy for sensitive groups
139070,safe
37004,safe
89595,unhealthy for sensitive groups
160420,safe
166770,safe
1669,safe
23623,safe
1025,safe
132810,safe
170465,unhealthy for sensitive groups
10140,safe
141820,safe
1963,safe
29171,safe
9262,safe
62888,safe
145970,safe
142245,safe
39613,safe
50806,safe
496,safe
98401,safe
133453,safe
87530,safe
24937,safe
80272,safe
166120,safe
19989,safe
53004,safe
43629,safe
69723,safe
2179,safe
23329,safe
109244,safe
146345,safe
99463,safe
21,safe
124714,safe
26886,safe
169445,safe
96838,safe
149995,safe
282,safe
8031,unhealthy for sensitive groups
1004,safe
16067,safe
16690,safe
136663,safe
197,safe
23071,safe
25195,safe
152895,safe
38918,safe
11492,safe
155595,safe
132474,safe
86213,safe
112117,safe
151295,safe
106235,safe
155520,safe
111496,safe
134642,safe
164470,safe
167795,safe
771,safe
121027,safe
945,safe
332,safe
48795,safe
666,safe
3622,safe
43913,safe
88862,safe
794,safe
148245,safe
57438,safe
101649,safe
75303,safe
251,safe
152645,safe
76,safe
117275,safe
60914,safe
20567,safe
1045,safe
145645,safe
864,safe
79808,safe
101783,safe
128418,safe
68478,unhealthy for sensitive groups
143445,safe
167420,safe
131998,safe
27360,safe
348,safe
152570,safe
66391,safe
39735,safe
117430,safe
323,safe
6399,safe
390,safe
143620,safe
136408,safe
151870,safe
2305,safe
75816,safe
30563,unhealthy for sensitive groups
394,safe
40346,safe
164620,safe
15956,safe
143945,safe
23087,safe
157920,safe
13631,unhealthy for sensitive groups
190,safe
134132,safe
18797,safe
144620,safe
167170,safe
264,safe
54164,safe
163170,safe
877,safe
135535,safe
33483,safe
95675,safe
148045,safe
374,safe
87363,safe
997,safe
52687,safe
65865,safe
76744,safe
52223,safe
9335,safe
19852,safe
118,safe
46485,safe
12613,safe
55375,safe
56294,safe
163070,safe
163520,safe
63496,safe
142270,safe
32638,safe
24272,safe
165545,safe
42579,safe
169495,safe
31906,safe
91601,safe
1041,safe
405,safe
80504,safe
114706,safe
89326,safe
170365,safe
130076,safe
62486,unhealthy for sensitive groups
121,safe
957,safe
170410,safe
548,safe
56999,safe
101711,safe
60169,safe
45582,safe
47805,safe
31442,unhealthy for sensitive groups
52883,safe
63557,safe
1095,safe
137631,safe
146320,safe
155295,safe
41874,safe
439,safe
99976,safe
105434,safe
105388,safe
10324,safe
14461,safe
113686,safe
169595,safe
162645,safe
165770,safe
94818,safe
88010,safe
137,safe
157995,safe
879,safe
158320,safe
158970,unhealthy for sensitive groups
6562,safe
68723,safe
72539,safe
36275,safe
22679,safe
143,safe
65633,safe
82556,safe
74607,unhealthy for sensitive groups
136347,safe
458,safe
25516,safe
122603,safe
166,safe
168320,safe
96545,safe
75694,safe
50161,safe
63248,safe
154970,safe
71786,safe
73410,safe
135693,safe
99561,safe
37980,safe
137322,safe
168295,safe
6571,safe
41126,unhealthy for sensitive groups
92013,safe
166445,safe
87168,safe
167195,safe
84530,unhealthy for sensitive groups
136505,safe
182,safe
104728,safe
82287,safe
150245,unhealthy for sensitive groups
62217,unhealthy for sensitive groups
28893,safe
10660,unhealthy for sensitive groups
47243,unhealthy for sensitive groups
11630,safe
137414,safe
94569,safe
135418,safe
145595,safe
10989,safe
98035,unhealthy for sensitive groups
96415,safe
665,safe
102597,safe
165345,safe
1065,safe
23244,safe
35786,safe
156945,safe
112827,safe
343,safe
92905,safe
80896,safe
342,safe
7095,safe
132377,safe
170170,safe
161795,safe
64924,safe
101417,safe
116578,safe
88703,safe
76561,unhealthy for sensitive groups
38908,safe
162195,safe
33235,safe
99695,safe
16481,safe
130757,safe
60450,safe
121969,safe
164295,safe
48537,safe
69027,safe
448,safe
25341,safe
138695,safe
109560,safe
383,safe
54689,safe
151770,safe
89680,safe
24790,safe
843,safe
83902,safe
138095,safe
52393,safe
170460,safe
93698,safe
16335,safe
122872,safe
55421,safe
26517,safe
162820,safe
167220,safe
70748,safe
2094,safe
53374,safe
82278,safe
41178,safe
137970,safe
162320,safe
159320,safe
126566,safe
79063,safe
91842,safe
103114,safe
277,safe
136372,safe
145370,safe
123580,safe
68821,safe
37320,safe
7857,unhealthy for sensitive groups
168395,safe
170070,safe
893,safe
96813,safe
44227,safe
164445,safe
95394,safe
350,safe
152595,safe
73996,safe
3707,unhealthy for sensitive groups
170370,safe
902,safe
135632,safe
134536,safe
30285,safe
21716,safe
1027,safe
71313,safe
23243,safe
150695,safe
18813,safe
120059,safe
556,safe
17474,safe
23831,safe
133320,safe
18503,safe
113930,safe
73447,safe
47903,unhealthy for sensitive groups
94988,safe
137554,safe
156345,safe
90791,safe
125883,safe
161045,safe
83190,safe
17131,safe
680,safe
72983,safe
35237,safe
8461,safe
490,safe
138970,safe
19842,safe
295,safe
101319,safe
17820,safe
39604,safe
92770,safe
151045,safe
91843,safe
59852,safe
86982,safe
152420,safe
161620,safe
117040,safe
5958,unhealthy for sensitive groups
72091,safe
108862,safe
114466,safe
29073,safe
81566,safe
170450,safe
85044,safe
450,safe
6546,safe
47609,safe
85982,unhealthy for sensitive groups
72715,safe
9116,safe
148345,safe
61537,safe
105192,safe
57686,safe
808,safe
114360,safe
15257,safe
98071,safe
76829,safe
4262,safe
83448,safe
148145,safe
95577,safe
54297,safe
91585,safe
46965,safe
151095,safe
103359,safe
139745,safe
17069,safe
165370,safe
14497,safe
7120,safe
71823,safe
99793,safe
115417,safe
49197,safe
80406,safe
124925,safe
68087,safe
138545,safe
7995,unhealthy for sensitive groups
83679,safe
49713,safe
146745,safe
149945,safe
43217,safe
138020,safe
49795,safe
170195,safe
46733,safe
336,safe
89,safe
19263,safe
78673,safe
53338,safe
11136,safe
163620,safe
17951,safe
131892,safe
63150,safe
33310,safe
153070,safe
133311,safe
137265,safe
165945,safe
28877,safe
270,safe
791,safe
40956,safe
22548,unhealthy for sensitive groups
104862,safe
164045,safe
82288,safe
146420,safe
125461,safe
115392,safe
69589,safe
64388,safe
79320,safe
102659,safe
15783,safe
15064,safe
75352,safe
53,safe
106810,safe
14781,safe
74766,safe
14412,safe
72234,safe
433,safe
42570,safe
131310,safe
137042,safe
50027,safe
162795,safe
66463,safe
142620,safe
16886,safe
87364,safe
120930,safe
103728,safe
582,unhealthy for sensitive groups
42420,safe
134545,safe
96264,safe
83520,safe
816,safe
131504,safe
153370,safe
12,safe
238,safe
118427,safe
150020,safe
102695,safe
16299,safe
55153,safe
25038,safe
34225,unhealthy for sensitive groups
61048,safe
131258,safe
161545,safe
121823,safe
59205,safe
123275,safe
133999,safe
137385,safe
140645,safe
1007,safe
29256,safe
71529,safe
3527,safe
144020,safe
33101,safe
5581,unhealthy for sensitive groups
156770,safe
19695,safe
38294,safe
36116,safe
65048,safe
10904,safe
117138,safe
23096,safe
82922,safe
168895,safe
127044,safe
96,safe
137246,safe
151895,safe
70516,safe
133408,safe
119386,safe
150745,safe
615,safe
20319,safe
740,safe
18944,safe
16213,safe
87253,safe
65584,safe
38624,safe
115222,unhealthy for sensitive groups
165170,safe
34359,safe
65450,safe
571,safe
95504,safe
159220,safe
9786,safe
140220,safe
134035,safe
134096,unhealthy for sensitive groups
102854,unhealthy for sensitive groups
81530,safe
60316,unhealthy for sensitive groups
89069,safe
18859,safe
148,safe
38196,safe
831,safe
1078,safe
146520,safe
798,safe
147495,safe
102390,safe
34542,safe
1083,safe
78880,safe
385,safe
71493,safe
9923,safe
93921,safe
102391,safe
105882,safe
146,safe
43897,safe
137433,safe
27432,safe
58679,safe
105058,safe
103578,safe
8721,safe
101237,safe
158545,safe
60084,safe
71725,safe
40725,safe
68664,safe
30759,unhealthy for sensitive groups
24655,safe
78331,safe
2403,safe
22287,safe
42090,safe
30990,safe
101014,safe
99512,safe
102381,safe
60646,unhealthy for sensitive groups
147695,safe
126257,safe
87031,safe
88984,safe
93466,safe
11679,safe
137669,safe
53615,safe
50187,safe
153870,safe
104140,safe
95495,safe
30269,safe
1077,safe
136796,safe
65022,safe
107006,safe
34029,safe
952,safe
97071,safe
3490,safe
150770,safe
33724,safe
166570,safe
152195,safe
617,safe
79357,safe
168470,safe
110074,safe
118436,safe
154145,safe
107078,safe
34957,safe
72947,safe
85822,safe
96536,safe
13909,safe
126591,safe
126725,safe
36,safe
93931,safe
220,safe
112453,safe
41724,safe
164845,unhealthy for sensitive groups
94817,safe
142220,safe
107212,safe
137675,safe
704,safe
143120,safe
134872,safe
135102,safe
143820,safe
14866,safe
51184,safe
14265,safe
130092,safe
1053,safe
65685,safe
22998,safe
116757,safe
922,safe
39967,safe
2012,unhealthy for sensitive groups
127142,safe
168845,safe
151920,safe
79625,safe
19937,safe
24986,safe
67086,safe
115993,unhealthy for sensitive groups
24247,safe
24116,safe
127687,safe
77354,safe
117190,safe
129588,safe
154020,safe
32324,safe
155995,safe
359,safe
114742,safe
160270,safe
398,safe
153020,unhealthy for sensitive groups
169720,safe
109022,safe
93307,safe
103444,safe
62172,unhealthy for sensitive groups
49249,safe
81592,safe
85688,safe
3906,safe
10055,unhealthy for sensitive groups
144545,safe
28902,safe
132932,safe
9152,safe
967,safe
24753,safe
154820,safe
147645,safe
74999,unhealthy for sensitive groups
147670,safe
127736,unhealthy for sensitive groups
24211,safe
124389,safe
46119,safe
865,safe
128639,safe
62852,safe
137586,safe
51367,safe
145795,safe
74741,safe
122937,safe
1023,safe
164945,safe
47841,safe
626,safe
588,safe
75453,safe
104352,safe
664,safe
57463,safe
141770,safe
109888,safe
10045,safe
87555,safe
796,safe
113589,safe
11005,safe
126956,safe
117921,safe
99159,safe
17683,safe
142695,safe
77159,safe
7532,safe
45155,safe
62254,safe
558,safe
136311,safe
116383,safe
135571,safe
74081,safe
45887,safe
45008,safe
17216,safe
117324,safe
649,safe
154520,safe
124665,safe
754,safe
122921,safe
46864,safe
129101,safe
126432,unhealthy for sensitive groups
86250,safe
32504,safe
72714,safe
48452,safe
51062,safe
96191,safe
95721,safe
63548,safe
110545,safe
107176,safe
110901,safe
88657,unhealthy for sensitive groups
140970,safe
30527,unhealthy for sensitive groups
646,safe
136929,safe
125104,safe
158445,safe
107738,safe
80236,safe
149420,safe
137682,safe
17095,safe
41920,safe
2256,safe
58280,safe
1090,safe
165445,safe
159720,safe
98221,safe
98205,safe
3360,safe
65901,safe
3298,unhealthy for sensitive groups
449,safe
137496,safe
64,safe
46949,safe
102613,safe
18666,safe
151820,safe
13934,safe
144270,safe
88434,safe
624,safe
20999,safe
104165,safe
41651,safe
1376,safe
81713,safe
50418,safe
73169,safe
34179,safe
240,safe
210,safe
33931,safe
65694,safe
1082,safe
58813,safe
134827,safe
44910,safe
123,safe
124519,safe
59120,safe
82360,safe
19117,safe
86799,safe
146695,safe
40715,safe
137563,safe
41626,safe
32797,safe
69223,safe
44704,unhealthy for sensitive groups
104584,safe
8462,safe
63325,safe
157670,safe
66158,safe
4461,safe
131513,safe
114125,safe
80432,safe
57696,safe
90950,safe
159170,safe
76613,unhealthy for sensitive groups
9871,safe
47707,safe
19238,safe
38686,safe
5042,unhealthy for sensitive groups
152345,safe
143345,safe
66695,safe
147070,safe
83752,safe
49893,safe
55506,safe
26015,safe
37879,safe
23675,safe
585,safe
97070,safe
65669,safe
111184,safe
43263,safe
24273,safe
85090,unhealthy for sensitive groups
142720,safe
166895,safe
103712,safe
622,safe
55359,safe
153420,unhealthy for sensitive groups
44521,safe
85508,safe
27576,unhealthy for sensitive groups
150445,safe
58159,safe
127541,safe
140420,safe
10360,safe
32272,safe
21330,safe
94435,safe
126371,unhealthy for sensitive groups
79210,safe
20800,safe
33947,safe
125847,safe
29589,safe
162845,safe
120751,safe
170400,safe
17535,safe
40016,safe
133647,unhealthy for sensitive groups
165870,safe
146645,safe
32556,safe
521,safe
655,safe
47625,safe
143170,safe
93014,safe
74973,safe
11878,safe
94939,safe
75401,safe
155920,safe
137483,safe
587,safe
37235,safe
148645,safe
470,safe
75437,safe
106052,safe
42884,safe
74143,unhealthy for sensitive groups
579,safe
131698,safe
95969,safe
161095,safe
84838,unhealthy for sensitive groups
137357,safe
108094,safe
602,unhealthy for sensitive groups
13530,safe
70849,safe
15453,safe
43727,safe
147820,safe
4931,safe
916,safe
169345,safe
2195,safe
58149,safe
6754,safe
161670,safe
935,safe
85053,safe
28377,unhealthy for sensitive groups
160095,safe
93164,safe
62001,safe
142945,safe
145020,safe
27746,safe
35848,safe
160295,safe
10565,safe
150570,safe
139545,safe
137519,safe
3350,safe
80431,safe
74107,unhealthy for sensitive groups
16214,safe
70150,safe
12561,safe
85407,safe
48553,safe
122668,safe
101478,safe
80870,safe
4687,unhealthy for sensitive groups
86909,safe
261,safe
145495,safe
8185,safe
137410,safe
46815,safe
133708,safe
22149,safe
141745,safe
51099,safe
196,safe
85786,safe
157820,safe
412,safe
130588,safe
44129,safe
24692,safe
541,safe
155020,safe
1001,safe
74570,safe
584,safe
8876,safe
133699,safe
36676,safe
150720,safe
79772,safe
125470,safe
87994,safe
364,safe
105156,safe
111460,safe
108326,safe
158495,safe
66845,safe
384,safe
87556,safe
142545,safe
130027,safe
438,safe
75205,safe
568,safe
40078,safe
168170,safe
53236,safe
138620,safe
135127,safe
991,safe
11,safe
41224,safe
134326,safe
48684,safe
91611,safe
75,safe
2452,safe
12907,safe
154595,safe
56742,safe
65254,safe
170120,safe
85518,safe
119109,safe
23770,safe
90059,safe
35570,safe
13788,safe
26700,safe
166820,safe
133417,safe
1069,safe
89533,safe
889,safe
153,safe
144170,safe
1013,safe
51331,safe
74,safe
155270,safe
376,safe
