,aqi_ozone
6292,safe
3622,safe
8351,safe
7402,safe
5287,unhealthy for sensitive groups
4227,safe
3501,safe
5767,safe
6441,safe
3077,safe
5111,safe
5285,safe
3940,safe
5799,safe
5494,safe
5968,safe
4266,safe
2021,safe
6194,safe
8182,safe
5830,safe
6360,safe
2906,safe
2780,safe
2774,safe
7518,unhealthy for sensitive groups
1904,safe
2117,unhealthy for sensitive groups
6796,safe
2684,unhealthy for sensitive groups
6804,safe
4617,safe
4295,safe
8061,safe
1493,safe
5063,unhealthy for sensitive groups
5178,safe
5104,unhealthy for sensitive groups
7567,very unhealthy
8273,safe
5958,safe
2779,safe
8337,safe
5606,safe
2520,unhealthy
5426,safe
7379,safe
7517,unhealthy for sensitive groups
5350,unhealthy for sensitive groups
1564,safe
2031,safe
3396,unhealthy for sensitive groups
2551,unhealthy for sensitive groups
8648,safe
7010,safe
4460,safe
8286,safe
5188,safe
1495,safe
4366,safe
2055,unhealthy
2041,unhealthy for sensitive groups
7160,safe
4546,safe
7691,safe
6348,safe
3697,safe
1657,safe
4743,safe
5817,safe
5859,unhealthy for sensitive groups
8210,safe
5530,safe
4292,safe
2499,safe
1865,unhealthy for sensitive groups
6530,safe
4802,safe
3706,safe
2105,safe
2292,safe
5429,safe
2086,safe
2781,safe
7230,safe
6596,safe
4350,safe
5081,unhealthy for sensitive groups
4603,safe
7574,safe
8155,unhealthy
3549,safe
6785,safe
4828,safe
1983,safe
3669,safe
5144,safe
4449,unhealthy
7022,safe
6039,safe
6395,safe
4972,safe
5466,safe
2792,unhealthy for sensitive groups
2091,safe
1861,safe
4913,safe
4698,safe
7445,unhealthy for sensitive groups
3592,safe
4164,safe
7126,safe
5596,safe
8019,unhealthy for sensitive groups
7064,safe
8557,safe
8165,unhealthy for sensitive groups
4057,safe
3918,safe
7067,safe
3390,safe
7163,safe
4775,safe
8066,safe
1680,safe
6060,safe
3787,safe
5215,safe
2487,safe
6390,safe
6086,safe
4086,safe
7532,safe
3739,safe
3397,safe
5647,safe
6322,safe
7130,safe
5176,safe
5387,safe
2443,safe
5279,safe
2004,safe
6662,safe
4710,safe
2065,unhealthy
4790,safe
6527,unhealthy for sensitive groups
3670,safe
5499,safe
5420,unhealthy for sensitive groups
7201,safe
7361,safe
8565,safe
6806,safe
2897,safe
5956,safe
5921,safe
3195,safe
5413,unhealthy for sensitive groups
5180,safe
5931,safe
2129,safe
6564,safe
5490,safe
5507,safe
5619,safe
6678,safe
8095,safe
6665,safe
3950,safe
7327,safe
4338,safe
4623,safe
6545,safe
3732,safe
6640,safe
2096,unhealthy for sensitive groups
5305,safe
3120,safe
2202,safe
1574,safe
3000,safe
2185,safe
1663,safe
5427,safe
5605,safe
8665,unhealthy for sensitive groups
2434,safe
2710,safe
6351,safe
6812,unhealthy for sensitive groups
5431,safe
3425,unhealthy for sensitive groups
1956,safe
5744,safe
8344,safe
2439,safe
7511,safe
7464,unhealthy for sensitive groups
2898,safe
4982,safe
6199,safe
5571,safe
2801,safe
4993,safe
1856,unhealthy for sensitive groups
1818,unhealthy for sensitive groups
5086,safe
8423,safe
8294,safe
4909,safe
4756,safe
2132,safe
1673,safe
3729,safe
2098,safe
8683,safe
3822,safe
7277,unhealthy for sensitive groups
5898,safe
2295,safe
7057,safe
6269,safe
4643,safe
5580,safe
4691,safe
4899,safe
1545,safe
5845,unhealthy for sensitive groups
4285,safe
2083,safe
6642,safe
8400,safe
6417,safe
5748,safe
6129,safe
5336,safe
7046,safe
8044,unhealthy for sensitive groups
1922,safe
5364,safe
3331,safe
3225,safe
7246,safe
8491,safe
4590,safe
8301,safe
4344,safe
7233,safe
5516,safe
6234,unhealthy for sensitive groups
1577,safe
2840,safe
2830,safe
4923,safe
2384,safe
3900,safe
2566,safe
1501,safe
5313,unhealthy
1596,safe
5559,safe
8356,unhealthy for sensitive groups
2651,safe
3709,safe
7164,safe
5959,safe
5801,safe
6118,safe
5610,safe
7215,safe
4140,safe
2379,safe
4612,safe
2393,safe
1531,safe
4223,unhealthy for sensitive groups
3748,safe
8592,safe
7040,safe
3071,safe
1795,unhealthy for sensitive groups
7351,safe
7608,safe
2048,safe
7415,safe
5536,safe
5315,unhealthy for sensitive groups
8399,safe
6040,safe
5690,safe
2226,safe
4588,safe
5520,safe
6146,safe
5165,unhealthy for sensitive groups
7495,safe
1755,unhealthy for sensitive groups
1806,safe
4983,safe
8275,safe
3287,safe
2620,safe
3218,safe
6594,safe
2473,safe
4970,safe
3437,safe
2664,unhealthy for sensitive groups
4688,safe
3999,safe
4161,safe
3790,safe
2810,safe
8218,safe
8664,unhealthy for sensitive groups
5973,safe
3609,safe
7595,safe
4702,safe
3892,safe
3384,safe
8645,safe
5692,safe
1860,safe
5868,safe
8503,safe
5433,safe
3588,safe
2688,safe
3612,safe
4714,safe
4876,safe
3157,safe
8253,unhealthy for sensitive groups
2686,safe
2568,safe
8329,safe
5425,safe
1581,safe
7505,safe
8239,safe
2482,very unhealthy
5163,unhealthy
2101,safe
8056,safe
5284,safe
8471,safe
4216,safe
8322,safe
6432,safe
6163,safe
8117,safe
7636,safe
2919,unhealthy for sensitive groups
5780,safe
2945,safe
2988,safe
4154,safe
2718,safe
4432,safe
2574,safe
2477,unhealthy
7412,safe
2623,unhealthy
6709,safe
3831,safe
2839,safe
5622,safe
8389,safe
1967,safe
1558,safe
5860,unhealthy for sensitive groups
8613,safe
4101,safe
6833,safe
2890,safe
3063,safe
2429,safe
7535,safe
7561,safe
4819,safe
8350,safe
4367,safe
8166,unhealthy for sensitive groups
6592,safe
7468,unhealthy for sensitive groups
7154,safe
3074,safe
6429,safe
3764,safe
4043,safe
6814,unhealthy for sensitive groups
8164,safe
6710,safe
2272,safe
8201,safe
2312,safe
4862,safe
5864,unhealthy for sensitive groups
8216,safe
4905,safe
4064,safe
5678,safe
4011,safe
5479,safe
7582,safe
2755,safe
6389,safe
5618,safe
1812,safe
5283,safe
8048,unhealthy for sensitive groups
1551,safe
6546,safe
2808,safe
1975,safe
6137,safe
2787,unhealthy
1533,safe
3955,safe
8456,safe
3052,safe
3346,safe
7486,safe
2927,safe
2345,safe
5251,safe
5786,safe
6087,safe
4808,safe
2252,safe
4125,safe
6721,unhealthy for sensitive groups
2814,safe
7212,safe
4614,safe
2314,safe
7060,safe
2758,safe
7545,safe
6611,safe
2833,safe
8457,safe
5848,safe
4182,safe
4866,safe
3141,safe
2714,safe
4934,safe
4318,safe
4639,safe
4851,safe
4573,safe
5945,safe
7489,safe
4310,unhealthy for sensitive groups
8219,safe
5234,safe
2282,safe
8319,safe
7300,safe
5273,safe
5158,unhealthy for sensitive groups
1792,safe
2400,safe
1541,safe
8542,safe
8583,safe
8215,safe
6400,safe
5243,safe
1506,safe
2162,safe
3708,safe
7159,safe
3962,safe
6038,safe
4836,safe
2053,unhealthy for sensitive groups
4027,safe
1559,safe
4368,safe
6622,safe
8591,safe
3820,safe
6328,safe
7347,safe
5439,safe
5612,safe
5889,safe
4942,safe
3358,safe
5562,safe
6415,safe
2611,unhealthy for sensitive groups
2565,safe
7346,safe
8231,safe
4522,safe
7135,safe
2254,safe
4580,safe
2146,safe
2189,safe
6275,safe
2829,safe
7651,safe
6591,safe
8059,safe
6064,safe
3897,safe
3118,safe
8436,safe
1903,safe
3130,safe
2913,safe
4572,safe
3402,unhealthy for sensitive groups
8527,safe
3198,safe
8566,safe
5317,very unhealthy
1642,unhealthy for sensitive groups
8600,safe
8615,safe
1681,safe
7405,safe
6193,safe
2946,safe
1915,safe
4034,safe
1827,unhealthy for sensitive groups
8575,safe
5662,safe
7037,safe
5128,safe
2322,safe
4871,safe
5707,safe
8285,safe
2211,safe
8141,unhealthy for sensitive groups
3124,safe
2848,unhealthy for sensitive groups
4597,safe
7536,safe
3705,safe
3558,safe
8234,safe
3269,safe
6711,safe
4093,safe
5800,safe
3666,safe
5914,safe
7419,safe
4931,safe
8159,unhealthy for sensitive groups
4476,safe
8576,safe
4907,safe
5168,unhealthy for sensitive groups
4507,safe
3314,unhealthy for sensitive groups
4707,safe
5983,safe
4740,safe
2038,unhealthy
6472,safe
7358,safe
3783,safe
6479,safe
8626,safe
3682,very unhealthy
7071,safe
4997,safe
3702,safe
4647,safe
2633,safe
2877,safe
8293,safe
1598,safe
7438,safe
3261,safe
6731,safe
6464,safe
4563,safe
3081,safe
6559,safe
3002,safe
5327,unhealthy for sensitive groups
6100,safe
4977,safe
3342,safe
5620,safe
3213,safe
5927,safe
3202,safe
2588,safe
8608,safe
2446,safe
5440,safe
4245,unhealthy for sensitive groups
3233,safe
4028,safe
3360,safe
4530,safe
7169,safe
3478,safe
2701,unhealthy for sensitive groups
3736,safe
3493,safe
1521,safe
2983,safe
7133,safe
6030,safe
4297,safe
3456,safe
3410,unhealthy for sensitive groups
8499,safe
1751,unhealthy for sensitive groups
3668,safe
8453,safe
5030,safe
2951,safe
6627,safe
1692,safe
7416,safe
5664,safe
2761,safe
3308,safe
2450,safe
6277,safe
7673,safe
2986,safe
6188,safe
5166,unhealthy for sensitive groups
5044,safe
3778,safe
4953,safe
8310,safe
2181,safe
1947,safe
7065,safe
8113,safe
7237,safe
4330,safe
5357,safe
2764,safe
4852,safe
2796,safe
5506,safe
1796,unhealthy for sensitive groups
5680,safe
5374,unhealthy for sensitive groups
2161,safe
7571,safe
2051,unhealthy for sensitive groups
5713,safe
6487,safe
5316,very unhealthy
4146,safe
8179,safe
4806,safe
6516,safe
2799,safe
3326,safe
5886,safe
8312,safe
5974,safe
6719,safe
8525,safe
6671,safe
8178,safe
4294,safe
5289,unhealthy for sensitive groups
5372,safe
6703,safe
4514,safe
4426,safe
5231,safe
4226,safe
4177,safe
8243,unhealthy for sensitive groups
3930,safe
4056,safe
1921,safe
3148,safe
3285,safe
8325,safe
6805,safe
4595,safe
3084,safe
4332,safe
7176,safe
7350,safe
5406,safe
5672,safe
6825,safe
2965,safe
5477,safe
6233,unhealthy for sensitive groups
1685,safe
4755,safe
6113,safe
7125,safe
1730,safe
8458,safe
4260,safe
6626,safe
3688,unhealthy for sensitive groups
5724,safe
5659,safe
2480,very unhealthy
6696,safe
3241,safe
5208,safe
8533,safe
2984,safe
8504,safe
8494,safe
2650,safe
8519,safe
4237,unhealthy for sensitive groups
6490,safe
8220,safe
4685,safe
2693,unhealthy for sensitive groups
6062,safe
5731,safe
4315,safe
8419,safe
5537,safe
8232,safe
8528,safe
8221,safe
3746,safe
3763,safe
4180,safe
1893,safe
6602,safe
5627,safe
7188,safe
5157,safe
5318,unhealthy
1652,safe
5139,safe
3003,safe
3449,safe
8629,safe
8242,unhealthy for sensitive groups
5917,safe
8679,safe
7020,safe
2333,safe
4129,safe
7027,safe
5048,safe
2437,safe
3053,safe
8607,safe
3258,safe
5445,safe
8571,safe
8694,unhealthy for sensitive groups
7592,safe
4133,safe
4088,safe
3868,safe
3128,safe
3382,safe
5010,safe
2881,safe
4370,safe
5076,safe
2942,safe
5961,safe
3078,safe
7466,unhealthy for sensitive groups
7276,safe
3086,safe
1750,unhealthy for sensitive groups
6460,safe
4850,safe
5258,safe
7671,safe
2582,safe
3740,safe
6025,safe
3887,safe
4609,safe
3182,safe
3694,safe
5476,safe
4562,safe
2121,unhealthy for sensitive groups
3718,unhealthy for sensitive groups
8089,safe
5743,safe
4026,safe
5051,safe
5710,safe
8680,safe
1815,safe
1553,safe
8391,safe
7392,safe
2430,safe
3996,safe
4544,safe
3953,safe
3920,safe
5766,safe
7381,safe
1913,safe
6378,safe
4400,safe
6377,safe
2911,safe
4311,unhealthy for sensitive groups
5993,safe
4498,safe
5292,safe
4483,safe
4033,safe
3904,safe
6099,safe
3028,safe
8145,unhealthy for sensitive groups
2288,safe
6070,safe
6192,safe
5504,safe
5246,safe
7234,safe
7175,safe
5738,safe
6842,safe
5405,safe
3618,safe
2592,safe
5784,safe
5412,unhealthy for sensitive groups
2610,unhealthy for sensitive groups
5019,safe
3509,safe
7613,safe
7580,safe
1901,safe
2341,safe
2820,safe
4414,safe
8072,safe
6497,safe
8584,safe
1675,safe
2855,safe
3779,safe
4160,safe
4250,safe
1957,safe
5796,safe
1629,safe
3526,unhealthy
2857,safe
4694,safe
3247,safe
3138,safe
2511,unhealthy for sensitive groups
6461,safe
4543,safe
4971,safe
3354,unhealthy for sensitive groups
5393,safe
3469,safe
2330,safe
6334,safe
8233,safe
6290,safe
8687,safe
1838,safe
5342,unhealthy for sensitive groups
1892,safe
2045,safe
6097,safe
7584,safe
1965,safe
5096,unhealthy
5045,safe
5888,safe
5515,safe
8369,safe
2427,safe
3227,safe
8120,safe
4834,safe
7019,safe
5334,safe
8424,safe
2941,safe
3201,safe
5708,safe
5629,safe
2111,safe
3617,safe
5918,safe
2659,unhealthy
2318,safe
2916,safe
4990,safe
5383,unhealthy for sensitive groups
8371,safe
3656,unhealthy for sensitive groups
3966,safe
7662,safe
5127,safe
6053,safe
1948,safe
5899,safe
8260,safe
2777,safe
4570,safe
2742,safe
4709,safe
6599,safe
4097,safe
2507,safe
4322,safe
2390,safe
1595,safe
2608,safe
2886,safe
2552,unhealthy for sensitive groups
3065,safe
8411,safe
8441,safe
4071,safe
8267,safe
3022,safe
5164,unhealthy
3984,safe
2720,safe
8090,safe
4293,safe
5026,safe
4987,safe
5787,safe
8450,safe
4155,safe
4699,safe
7663,safe
2432,safe
1491,safe
8183,safe
8080,safe
1615,safe
6106,safe
6342,safe
6617,safe
5896,safe
8320,safe
8673,safe
4951,safe
5634,safe
8096,safe
1585,safe
4981,safe
2969,safe
4839,safe
3608,unhealthy for sensitive groups
4649,safe
1619,safe
6021,safe
2612,unhealthy for sensitive groups
4447,unhealthy for sensitive groups
6688,safe
7158,safe
7341,safe
6712,safe
1542,safe
5937,safe
2008,safe
3719,safe
3575,safe
2773,safe
1586,safe
3886,safe
5573,safe
5079,safe
3496,safe
6634,safe
1954,safe
3846,safe
6652,safe
7171,safe
5138,safe
2629,safe
6568,unhealthy
5853,safe
2740,safe
1758,safe
6601,safe
2358,safe
3552,safe
8081,safe
8163,safe
8230,safe
3710,safe
2150,safe
5538,safe
1641,safe
8488,unhealthy for sensitive groups
4703,safe
7250,safe
1644,unhealthy for sensitive groups
3811,safe
5995,safe
7590,safe
7211,safe
5640,safe
1917,safe
5547,safe
7360,safe
4824,safe
5328,safe
6230,safe
7633,safe
6306,safe
6618,safe
6231,safe
6561,safe
4222,safe
4894,safe
4339,safe
4404,safe
4725,safe
4540,safe
1682,safe
8236,safe
8264,safe
2440,safe
7649,safe
6485,safe
8624,safe
2271,safe
5535,safe
5468,safe
3917,safe
3180,safe
5883,safe
4196,safe
8653,safe
6309,safe
5271,safe
6379,safe
3386,safe
5256,safe
3319,safe
7053,safe
6300,safe
4781,safe
3278,safe
7252,unhealthy for sensitive groups
4286,safe
5542,safe
2460,safe
8643,safe
7385,safe
8274,safe
6239,safe
6115,safe
5097,unhealthy
8381,safe
7228,safe
5555,safe
4181,safe
4925,safe
3769,safe
7282,unhealthy for sensitive groups
6228,safe
6198,safe
2793,safe
7221,safe
4796,safe
5274,safe
5988,unhealthy for sensitive groups
6465,safe
2789,unhealthy for sensitive groups
7627,safe
5135,safe
5939,unhealthy for sensitive groups
3164,safe
4986,safe
2267,safe
7044,safe
2387,safe
5602,safe
3935,safe
1535,safe
2875,safe
6818,safe
2737,safe
3033,safe
4523,safe
2626,unhealthy for sensitive groups
4788,safe
4805,safe
7531,safe
8313,safe
6143,safe
6085,safe
4110,safe
5482,safe
2640,safe
5869,safe
3192,safe
8028,safe
3271,safe
2899,safe
2221,safe
3113,safe
8602,safe
3475,safe
4966,safe
5972,safe
7337,safe
5233,safe
3690,unhealthy for sensitive groups
3658,safe
2851,safe
4032,safe
4811,safe
8676,safe
5228,safe
8374,unhealthy for sensitive groups
1649,safe
8479,safe
5971,safe
5331,safe
3543,safe
3569,safe
2756,safe
6243,safe
3031,safe
7603,safe
2193,safe
6787,safe
4779,safe
8543,safe
7414,safe
8492,safe
5688,safe
5633,safe
4818,safe
2547,safe
2414,safe
2419,safe
2694,safe
3766,safe
4355,safe
5740,safe
8087,unhealthy for sensitive groups
6373,safe
3723,safe
7120,safe
4581,safe
7597,safe
2700,safe
2545,safe
5677,safe
5074,safe
8410,safe
3467,safe
8409,safe
6157,safe
3676,safe
5527,safe
7695,safe
1938,safe
7148,safe
8192,safe
8299,safe
2488,safe
1628,safe
1737,safe
7140,safe
2416,safe
5826,safe
2323,safe
6685,safe
4786,safe
4750,safe
8282,safe
3876,safe
3075,safe
6212,safe
6822,safe
4095,safe
6839,safe
1790,safe
8540,safe
8111,safe
4334,safe
3829,safe
3454,safe
7433,safe
8349,safe
5779,safe
4566,safe
4464,safe
5434,safe
4354,safe
7119,safe
4919,safe
3181,safe
2879,safe
7434,safe
4301,unhealthy for sensitive groups
3244,safe
5366,safe
1863,safe
4313,safe
1872,safe
2381,safe
6838,safe
3094,safe
3256,safe
7197,unhealthy for sensitive groups
2172,safe
6663,safe
5529,safe
4724,safe
7593,safe
6092,safe
8620,safe
8563,safe
5685,safe
4675,unhealthy for sensitive groups
8067,safe
4324,safe
2237,safe
6052,safe
5123,safe
4896,safe
2155,unhealthy for sensitive groups
3956,safe
5919,safe
5395,safe
2315,safe
1554,safe
7389,safe
4681,unhealthy for sensitive groups
6808,safe
4261,safe
2205,safe
3933,safe
6861,safe
2590,unhealthy for sensitive groups
4132,safe
2454,safe
7030,safe
4135,safe
3127,safe
6434,safe
8394,safe
2223,safe
3401,unhealthy for sensitive groups
4353,safe
5900,safe
2953,safe
4891,safe
2527,unhealthy for sensitive groups
7195,unhealthy for sensitive groups
5982,safe
2489,safe
5339,safe
8605,safe
3311,safe
5615,safe
7542,safe
1744,unhealthy
4289,safe
3470,safe
2160,safe
6507,safe
4422,safe
2124,safe
5721,safe
4666,safe
6677,safe
5903,safe
6392,safe
8202,safe
1931,safe
3252,safe
5849,safe
2498,safe
4156,safe
3027,safe
6394,safe
8395,safe
7577,safe
4601,safe
3914,safe
4079,safe
5749,safe
4549,safe
2505,safe
2284,safe
3982,safe
4960,safe
5639,safe
3747,safe
4496,safe
7579,safe
6384,safe
7393,safe
5291,safe
3889,safe
5569,safe
2771,safe
1733,safe
8158,unhealthy for sensitive groups
1925,unhealthy for sensitive groups
2340,safe
2648,safe
2783,safe
8578,safe
6142,safe
4151,safe
1835,safe
7371,safe
2017,safe
5839,safe
6638,safe
7696,safe
4104,safe
5936,safe
7198,unhealthy for sensitive groups
5029,safe
6799,safe
2396,safe
6725,safe
3727,safe
3239,safe
4128,safe
1908,safe
2228,safe
3338,safe
2424,safe
2555,unhealthy for sensitive groups
5630,safe
1696,safe
5348,very unhealthy
5212,safe
1523,safe
5312,unhealthy
1995,safe
3363,safe
3050,safe
7642,safe
1774,safe
8574,safe
3958,safe
3275,safe
5645,safe
1576,safe
5590,safe
4204,safe
7047,safe
7417,safe
6007,safe
4744,safe
5625,safe
7014,safe
7183,safe
5152,safe
7653,safe
4070,safe
2311,safe
5398,safe
6406,safe
2921,unhealthy
5534,safe
8063,safe
4727,safe
8148,unhealthy
1813,safe
6862,safe
2843,safe
3034,safe
8459,unhealthy for sensitive groups
5725,safe
3207,safe
4471,safe
4401,safe
2046,safe
1639,safe
6878,safe
2932,safe
8103,safe
6828,safe
6815,safe
4888,safe
7012,safe
2628,safe
5384,unhealthy for sensitive groups
8440,safe
4419,safe
2198,safe
4349,safe
4312,unhealthy for sensitive groups
2402,safe
4648,safe
7660,safe
2557,safe
7564,safe
4974,safe
5827,safe
2135,safe
7073,safe
5162,unhealthy for sensitive groups
3837,safe
1517,safe
3745,safe
3151,safe
1936,safe
5114,safe
4242,unhealthy for sensitive groups
4194,safe
1672,safe
2023,unhealthy for sensitive groups
7177,safe
2930,safe
3224,safe
6689,safe
8126,safe
8513,safe
1621,safe
7170,safe
4895,safe
4571,safe
6016,safe
7251,safe
5324,safe
4061,safe
6345,safe
3312,safe
5946,safe
6450,safe
1540,safe
8534,safe
2716,safe
8623,safe
5572,safe
6241,safe
3515,unhealthy for sensitive groups
8564,safe
5774,safe
3802,safe
5949,safe
2963,safe
2895,safe
6049,safe
6670,safe
4736,safe
2999,safe
4510,safe
6185,unhealthy for sensitive groups
3597,safe
7138,safe
2570,safe
4961,safe
4465,safe
3823,safe
3134,safe
7144,safe
2092,safe
5402,safe
7139,safe
3536,safe
5962,safe
2638,safe
6229,safe
3412,safe
5239,safe
6508,safe
5201,safe
2960,safe
1768,safe
3112,safe
5568,safe
7631,safe
3852,safe
5823,safe
5421,unhealthy for sensitive groups
4254,safe
3296,safe
3513,unhealthy for sensitive groups
2331,safe
1858,unhealthy for sensitive groups
5850,safe
6574,safe
5657,safe
5512,safe
7487,safe
8662,unhealthy for sensitive groups
3631,unhealthy for sensitive groups
8054,safe
2560,safe
2371,safe
3191,safe
1690,safe
7137,safe
5717,safe
3357,safe
5785,safe
5441,safe
6216,safe
6397,safe
7440,safe
5846,safe
6558,unhealthy for sensitive groups
5669,safe
4536,unhealthy for sensitive groups
3316,safe
5223,safe
5745,safe
1508,safe
7257,unhealthy for sensitive groups
5270,safe
2307,safe
4357,safe
6067,safe
2496,safe
4689,safe
7403,safe
4501,safe
2510,unhealthy for sensitive groups
7380,safe
1862,safe
3928,safe
3556,safe
5448,safe
3565,safe
5548,safe
4298,safe
6156,safe
4063,safe
6588,safe
6782,safe
1505,safe
6659,safe
2347,safe
3791,safe
3531,safe
1849,safe
8647,safe
3907,safe
6512,safe
2075,unhealthy
2818,safe
4655,safe
3404,unhealthy for sensitive groups
5345,safe
2867,safe
5650,safe
2476,safe
5953,safe
2409,safe
5934,unhealthy for sensitive groups
3909,safe
5792,unhealthy for sensitive groups
5771,safe
1853,safe
8035,safe
7503,safe
4792,safe
2772,safe
7326,safe
3939,safe
2609,safe
5589,safe
5760,safe
5326,unhealthy for sensitive groups
8122,safe
5635,safe
7467,unhealthy for sensitive groups
6513,safe
7180,unhealthy for sensitive groups
8511,safe
4468,safe
3562,safe
4910,safe
7265,safe
6372,safe
8609,safe
4881,safe
8354,safe
1868,unhealthy
5815,safe
4336,safe
7394,safe
2849,safe
3463,safe
6843,safe
8567,safe
5325,unhealthy for sensitive groups
3100,safe
6819,safe
8026,safe
2372,safe
5503,safe
8045,unhealthy for sensitive groups
3585,safe
3200,safe
3408,safe
4897,safe
7368,safe
5828,safe
7048,safe
5522,safe
4358,safe
5932,safe
5816,safe
7640,safe
7528,safe
2856,safe
6197,safe
2037,unhealthy
5117,safe
3405,safe
5378,safe
8097,safe
7451,very unhealthy
4044,safe
1511,safe
8493,safe
3173,safe
7330,safe
5121,safe
2088,safe
1883,safe
8074,safe
5136,safe
5310,safe
4832,safe
2337,safe
1636,safe
5913,safe
1562,safe
7365,safe
7619,safe
5210,safe
6593,safe
2019,safe
2642,safe
4857,safe
5632,safe
2164,safe
4938,safe
7617,safe
2905,safe
6672,safe
1748,safe
1832,safe
2534,safe
6575,safe
6422,safe
2646,safe
5880,unhealthy for sensitive groups
7514,unhealthy
3797,safe
6364,safe
5775,safe
2277,safe
7587,safe
3691,safe
5593,safe
4628,safe
5584,safe
6683,safe
6870,safe
6846,safe
3407,safe
8346,safe
5220,safe
8448,safe
1676,safe
6567,unhealthy for sensitive groups
2197,safe
6581,unhealthy for sensitive groups
6356,safe
5551,safe
6421,safe
3062,safe
4838,safe
2453,safe
3017,safe
4438,safe
6576,safe
7241,safe
3870,safe
3964,safe
1528,safe
3925,safe
4826,safe
4692,safe
3333,safe
6331,safe
4187,safe
1656,safe
7398,safe
8516,safe
1760,safe
6383,safe
4145,safe
7367,safe
8261,safe
4472,safe
7422,safe
8484,safe
5185,safe
7591,safe
4596,safe
3306,safe
7515,unhealthy for sensitive groups
3153,safe
2847,unhealthy for sensitive groups
2862,safe
2861,safe
3160,safe
7421,safe
3529,safe
4837,safe
5935,unhealthy for sensitive groups
1886,safe
2606,safe
5730,safe
5706,safe
8212,safe
7448,unhealthy for sensitive groups
7522,safe
7343,safe
4485,safe
5329,safe
3097,safe
4949,safe
8651,safe
6664,safe
6793,safe
6221,safe
2265,safe
4314,safe
3547,safe
7565,very unhealthy
6329,safe
6186,unhealthy for sensitive groups
2537,safe
4932,safe
8118,safe
6829,safe
3818,safe
1765,safe
4903,safe
8194,safe
2461,safe
4921,safe
7521,safe
8659,safe
7290,safe
6781,safe
5108,safe
2078,unhealthy for sensitive groups
5107,safe
5062,safe
2952,safe
8107,safe
3685,very unhealthy
7483,safe
1609,safe
2973,safe
8152,unhealthy for sensitive groups
1844,very unhealthy
8160,unhealthy for sensitive groups
8392,safe
2645,very unhealthy
5992,safe
8284,safe
3057,safe
3768,safe
8254,unhealthy for sensitive groups
2904,safe
7209,safe
5794,unhealthy for sensitive groups
5200,safe
2194,safe
2548,safe
2355,safe
6623,safe
5308,safe
7033,safe
8268,unhealthy for sensitive groups
4176,safe
8691,safe
5418,safe
8263,safe
6639,safe
7210,safe
3111,safe
4281,safe
5080,unhealthy for sensitive groups
2068,safe
5998,safe
3203,safe
3890,safe
4670,safe
5755,safe
3018,unhealthy for sensitive groups
8138,safe
4067,safe
5821,safe
5276,safe
4787,safe
5833,safe
7383,safe
8224,safe
2441,safe
8335,safe
3476,safe
2993,safe
3551,safe
4776,safe
2170,safe
6387,safe
4152,safe
2526,unhealthy for sensitive groups
8083,safe
5219,safe
6653,safe
5430,safe
3161,safe
5211,safe
3581,safe
8034,unhealthy for sensitive groups
4408,safe
4520,safe
5137,safe
5184,safe
2870,unhealthy for sensitive groups
5189,safe
5963,safe
2625,unhealthy for sensitive groups
2452,safe
6289,safe
5039,safe
1745,unhealthy for sensitive groups
5952,safe
2149,safe
6779,safe
6354,safe
6424,safe
2696,unhealthy for sensitive groups
3661,safe
3893,safe
7055,safe
8364,safe
2001,safe
4035,safe
8462,safe
4114,safe
3504,safe
7428,safe
4352,safe
1510,safe
3132,safe
1984,safe
2807,safe
1555,safe
1579,safe
3240,safe
3623,safe
3985,safe
5608,safe
3750,safe
2653,safe
6190,safe
5496,safe
6729,safe
2435,safe
3498,safe
7056,safe
4874,safe
5670,safe
5872,safe
1945,safe
2126,safe
8347,safe
5024,safe
5793,unhealthy for sensitive groups
3159,safe
5446,safe
3019,unhealthy for sensitive groups
2824,unhealthy
6161,safe
5842,safe
4163,safe
3664,safe
3804,safe
4533,safe
6124,safe
5226,safe
3545,safe
2500,safe
2059,unhealthy
1549,safe
2580,safe
3236,safe
3754,safe
5609,safe
7374,safe
3047,safe
4052,safe
3143,safe
2908,safe
6548,safe
5788,unhealthy for sensitive groups
2357,safe
7249,safe
8587,safe
4183,safe
6122,safe
2159,safe
7146,safe
5435,safe
3259,safe
3043,safe
5837,safe
6443,safe
5293,safe
8585,safe
2356,safe
2996,safe
4829,safe
8625,safe
7063,safe
2319,safe
2363,safe
5055,safe
4855,safe
5084,safe
3076,safe
1889,safe
4272,unhealthy for sensitive groups
6713,safe
4567,safe
4503,unhealthy for sensitive groups
6641,safe
3137,safe
7589,safe
2554,unhealthy for sensitive groups
2042,unhealthy for sensitive groups
5100,unhealthy for sensitive groups
6169,safe
3413,safe
5617,safe
2571,safe
3315,safe
3266,safe
2391,safe
3055,safe
8185,safe
4049,safe
2142,safe
2072,safe
4937,safe
6173,safe
6250,safe
8529,safe
3733,safe
5248,safe
4203,unhealthy for sensitive groups
4915,safe
2470,safe
8386,safe
5638,safe
3952,safe
2748,safe
6326,safe
7279,unhealthy
3675,safe
2854,safe
5061,safe
8636,safe
3369,safe
6355,safe
3838,safe
3102,safe
8531,safe
3229,safe
2909,safe
3924,safe
2417,safe
7547,safe
2378,safe
3663,safe
3655,unhealthy for sensitive groups
3048,safe
5540,safe
5552,safe
3091,safe
4674,safe
7441,safe
5457,safe
4309,unhealthy for sensitive groups
6426,safe
4055,safe
1830,safe
6305,safe
7533,safe
2958,safe
3010,safe
6135,safe
8478,safe
3521,unhealthy
3460,safe
8292,safe
2707,safe
8443,safe
1654,safe
4327,safe
3741,safe
8376,safe
5227,safe
4269,safe
5881,safe
6720,safe
4486,safe
2352,safe
2874,safe
6010,safe
8033,unhealthy for sensitive groups
6457,safe
6790,safe
7638,safe
4747,safe
5667,safe
8539,safe
2627,safe
6423,safe
1643,unhealthy for sensitive groups
7042,safe
3350,unhealthy for sensitive groups
1729,safe
4437,safe
7588,safe
8429,safe
5408,safe
3365,safe
3257,safe
5391,safe
7699,safe
4326,safe
2007,safe
6361,safe
2084,safe
2762,safe
3302,safe
6544,safe
8270,unhealthy for sensitive groups
5556,safe
5332,safe
7292,safe
4012,safe
5259,safe
4001,safe
3848,safe
2990,safe
6409,safe
4005,safe
8422,safe
4131,safe
1981,safe
6210,safe
5159,unhealthy for sensitive groups
3885,safe
3096,safe
3978,safe
6648,safe
3447,safe
1516,safe
3032,safe
5844,unhealthy for sensitive groups
7446,unhealthy for sensitive groups
4037,safe
1686,safe
8523,safe
6152,safe
3712,safe
4633,safe
5576,safe
4902,safe
2192,safe
6590,safe
1601,safe
2798,safe
3088,safe
4660,safe
4944,safe
3183,safe
3184,safe
2763,safe
7220,safe
7602,safe
6340,safe
2343,safe
2404,safe
5895,safe
2095,unhealthy for sensitive groups
4957,safe
3613,safe
7193,safe
6032,safe
1817,unhealthy
7444,safe
2405,safe
2863,safe
2948,safe
7596,safe
4040,safe
8031,unhealthy for sensitive groups
6454,safe
4488,safe
6476,safe
4908,safe
3946,safe
2286,safe
3580,safe
7118,safe
3555,safe
3522,unhealthy
8560,safe
4733,safe
4321,safe
6681,safe
2573,safe
1566,safe
3389,safe
8077,safe
2639,safe
5906,safe
3701,safe
4823,safe
6541,safe
6637,unhealthy for sensitive groups
2950,safe
4220,safe
2385,safe
2140,safe
5095,unhealthy
6794,safe
6657,safe
6679,safe
4686,very unhealthy
4039,safe
2325,safe
2359,safe
3332,safe
4262,safe
8279,safe
5303,safe
2225,safe
5575,safe
4228,safe
3968,safe
1946,safe
2687,safe
7534,safe
1492,safe
2860,safe
5089,safe
8272,safe
2287,safe
8341,safe
2459,safe
6078,safe
5806,safe
3325,safe
6425,safe
5631,safe
4100,safe
3693,safe
1770,safe
4490,safe
5509,safe
3826,safe
4869,safe
2652,safe
6022,safe
3220,safe
8420,safe
2766,safe
8175,safe
3567,safe
8432,safe
6155,safe
4622,safe
1882,safe
1515,safe
4812,safe
1761,safe
2020,safe
2110,safe
4200,unhealthy for sensitive groups
2663,unhealthy for sensitive groups
3394,safe
6449,safe
6633,safe
7036,safe
2431,safe
1507,safe
6335,safe
3660,safe
6445,safe
8128,unhealthy for sensitive groups
3443,safe
4073,safe
2699,safe
8134,safe
7684,safe
6037,safe
2052,unhealthy for sensitive groups
5920,safe
8287,safe
8093,safe
1828,safe
1659,safe
6330,safe
3544,safe
7384,safe
4526,safe
5272,safe
4748,safe
6079,safe
3651,safe
5753,safe
6068,safe
2301,safe
2577,safe
2976,safe
3912,safe
2922,unhealthy
8046,unhealthy for sensitive groups
3997,safe
8029,safe
5802,safe
6616,safe
7225,safe
2377,safe
7168,safe
4958,safe
6187,unhealthy for sensitive groups
7307,safe
3772,safe
2403,safe
8348,safe
7632,safe
4069,safe
6867,safe
1753,unhealthy for sensitive groups
8621,safe
7658,safe
2654,unhealthy for sensitive groups
3009,safe
1518,safe
5514,safe
4785,safe
2361,safe
6582,safe
6183,unhealthy for sensitive groups
5818,safe
4008,safe
3884,safe
5812,safe
2912,safe
1880,safe
8314,safe
2297,safe
4848,safe
4985,safe
6041,safe
8211,safe
6816,safe
4734,safe
8555,safe
4858,safe
5224,safe
4708,safe
5337,safe
6308,safe
6366,safe
4143,safe
3339,safe
5451,safe
5298,unhealthy
5671,safe
7377,safe
8339,safe
5179,safe
6865,safe
2630,safe
5581,safe
4969,safe
6853,unhealthy for sensitive groups
4979,safe
1841,safe
6532,safe
2157,safe
4917,safe
4654,safe
3288,safe
3343,safe
2961,safe
2366,safe
3349,safe
4821,safe
7325,safe
5098,unhealthy
4333,safe
6628,safe
8390,safe
5286,unhealthy for sensitive groups
4568,safe
2057,very unhealthy
8225,safe
2365,safe
6075,safe
6313,safe
3646,safe
8654,safe
2201,safe
6872,safe
2672,safe
2743,safe
8042,safe
2206,safe
4577,unhealthy for sensitive groups
4892,safe
4627,safe
4178,safe
7281,unhealthy for sensitive groups
5929,safe
3070,safe
3283,safe
7287,unhealthy for sensitive groups
1890,safe
3877,safe
2486,unhealthy for sensitive groups
2516,unhealthy for sensitive groups
4513,safe
3819,safe
2229,safe
4991,safe
3500,safe
8599,safe
4201,unhealthy for sensitive groups
6823,safe
4015,safe
3116,safe
5735,safe
2171,safe
7116,safe
3796,safe
8250,safe
6498,safe
1793,safe
5119,safe
6722,safe
4017,safe
8427,safe
6095,safe
3611,safe
2005,safe
6647,safe
5648,safe
8133,safe
2512,unhealthy for sensitive groups
1791,safe
3980,safe
8415,safe
2006,safe
4433,safe
5415,safe
4167,safe
2661,unhealthy for sensitive groups
3751,safe
5347,unhealthy for sensitive groups
3620,safe
4428,safe
3083,safe
8240,safe
1998,safe
5203,safe
8169,unhealthy for sensitive groups
7192,safe
2386,safe
4074,safe
4762,safe
4800,safe
1833,safe
5359,safe
8258,safe
5923,safe
2632,safe
7687,safe
7266,safe
7202,safe
1522,safe
3416,safe
3957,safe
6624,safe
3199,safe
5470,safe
1734,safe
4810,safe
6050,safe
7204,safe
6255,safe
8460,unhealthy for sensitive groups
1604,safe
6251,safe
2712,safe
3606,unhealthy for sensitive groups
2979,safe
3910,safe
8644,safe
3243,safe
3713,safe
3595,safe
4130,safe
7342,safe
8670,safe
8454,safe
5025,safe
5843,unhealthy for sensitive groups
6357,safe
6035,safe
3219,safe
4439,safe
5653,safe
4586,safe
6303,safe
4602,safe
1638,safe
2310,safe
2757,safe
2542,unhealthy for sensitive groups
7283,unhealthy for sensitive groups
6077,safe
7616,safe
7581,safe
2835,safe
6669,safe
3902,safe
4999,safe
5419,safe
8545,safe
1571,safe
8094,safe
8439,safe
4103,safe
2128,safe
4030,safe
3453,safe
2367,safe
7288,safe
8449,safe
4529,safe
8373,unhealthy for sensitive groups
2069,safe
5747,safe
3832,safe
2151,safe
1489,safe
3891,safe
3145,safe
2230,safe
3123,safe
1968,safe
4778,safe
3696,safe
5112,safe
2493,safe
1632,safe
8060,safe
8558,safe
8532,safe
8682,safe
2709,safe
3395,unhealthy for sensitive groups
4772,safe
4467,safe
6256,safe
4606,safe
5543,safe
8027,safe
2506,safe
6226,safe
6550,safe
4803,safe
8655,safe
1738,safe
8073,safe
4036,safe
5676,safe
8315,safe
5752,safe
8362,safe
5911,safe
8377,safe
6735,safe
7681,safe
2241,safe
5604,safe
7364,safe
6341,safe
4165,safe
2009,safe
3362,safe
4845,safe
7694,safe
4849,safe
7701,safe
3798,safe
8132,safe
3355,safe
3605,unhealthy for sensitive groups
4697,safe
4537,unhealthy for sensitive groups
2883,safe
5687,safe
5975,safe
5879,unhealthy for sensitive groups
6213,safe
2679,safe
8475,safe
6802,safe
7147,safe
6570,unhealthy for sensitive groups
1679,safe
6542,safe
2760,safe
3937,safe
2667,safe
7136,safe
4959,safe
8276,safe
2133,safe
6500,safe
3248,safe
3085,safe
4813,safe
4569,safe
2217,safe
2054,unhealthy for sensitive groups
2040,unhealthy
7623,safe
3059,safe
5491,safe
1773,safe
2503,safe
8162,safe
7219,safe
7492,safe
4807,safe
3875,safe
5498,safe
1565,safe
7025,safe
5206,safe
2676,safe
8482,safe
5452,safe
1563,safe
1622,safe
8343,safe
5042,safe
6791,safe
1726,unhealthy for sensitive groups
2887,safe
1735,safe
1653,safe
4780,safe
6405,safe
1496,safe
6552,safe
6257,safe
7186,safe
3391,safe
5519,safe
3216,safe
7319,safe
5825,safe
5940,unhealthy for sensitive groups
7011,safe
5333,safe
2270,safe
6504,safe
8486,safe
1823,safe
3987,safe
4308,safe
7378,safe
3276,safe
2670,safe
4867,safe
7336,safe
2289,safe
2012,safe
8412,safe
5249,safe
6184,unhealthy for sensitive groups
7436,safe
4629,safe
2406,safe
8130,safe
6160,safe
4323,safe
7317,safe
8569,safe
4248,safe
6096,safe
8368,safe
1488,safe
3341,safe
4427,safe
2281,safe
7501,safe
4059,safe
7115,safe
4531,safe
1600,safe
1688,safe
8622,safe
5663,safe
7661,safe
1552,safe
5053,safe
6629,safe
4673,safe
2752,safe
2540,unhealthy for sensitive groups
8442,safe
6367,safe
2920,unhealthy for sensitive groups
4644,safe
7238,safe
2300,safe
5240,safe
8172,safe
8666,safe
4527,safe
8082,safe
3765,safe
7328,safe
2745,safe
6854,safe
3069,safe
3320,safe
3189,safe
4016,safe
8139,safe
6420,safe
2846,safe
4420,safe
1739,safe
3242,safe
5254,safe
6055,safe
3728,safe
2795,safe
4587,safe
3095,safe
8641,safe
6727,safe
4224,unhealthy for sensitive groups
3310,safe
6531,safe
2995,safe
7196,unhealthy for sensitive groups
3653,unhealthy for sensitive groups
8297,safe
3064,safe
3068,safe
2567,safe
3621,safe
3165,safe
3392,safe
4634,safe
6492,safe
7702,safe
6675,safe
3448,safe
4798,safe
1907,safe
5437,safe
5985,safe
4671,safe
6547,safe
3495,safe
6004,safe
7548,safe
3494,safe
4516,safe
2313,safe
3683,very unhealthy
3692,safe
5656,safe
4415,safe
2662,unhealthy for sensitive groups
3008,safe
8418,safe
1572,safe
2134,safe
1810,safe
6279,safe
8434,safe
6242,safe
4410,safe
3080,safe
8595,safe
8594,safe
6495,safe
7353,safe
2114,safe
3629,unhealthy for sensitive groups
2320,safe
7348,safe
2980,safe
2047,safe
5894,safe
6826,safe
5083,safe
3717,unhealthy for sensitive groups
2422,safe
4728,safe
3845,safe
2692,unhealthy for sensitive groups
8627,safe
6551,safe
4290,safe
5423,unhealthy for sensitive groups
3254,safe
3574,safe
5943,safe
2208,safe
7463,safe
3983,safe
4230,safe
3041,safe
4099,safe
5930,safe
3979,safe
7245,unhealthy for sensitive groups
8288,safe
4094,safe
4413,safe
3989,safe
6000,safe
7543,safe
5703,safe
5109,safe
5770,safe
4663,safe
8538,safe
4162,safe
2283,safe
7442,safe
3155,safe
1854,safe
6520,safe
4745,safe
7323,safe
5410,safe
2671,safe
4700,safe
2335,safe
6359,safe
7664,safe
7692,safe
1902,safe
7480,safe
1873,safe
6705,safe
7015,safe
5831,safe
2089,safe
7674,safe
2978,safe
6391,safe
4102,safe
6451,safe
4407,safe
4817,safe
2836,safe
6116,safe
5052,safe
6880,safe
4539,safe
6262,safe
2401,safe
2997,safe
6684,safe
6278,safe
2063,safe
6486,safe
6138,safe
6027,safe
1670,safe
2744,safe
2943,safe
5655,safe
3129,safe
3867,safe
4525,safe
7509,safe
6579,safe
6271,safe
6120,safe
6249,safe
1570,safe
1618,safe
8378,safe
7507,safe
5866,unhealthy for sensitive groups
4431,safe
5209,safe
4092,safe
2130,safe
1630,safe
7594,safe
5550,safe
2677,safe
2034,safe
5365,safe
2617,unhealthy for sensitive groups
8053,safe
3464,safe
3749,safe
6209,safe
4924,safe
3762,safe
5933,safe
8323,safe
5000,safe
4173,safe
4967,safe
2186,safe
5085,safe
3107,safe
7450,very unhealthy
3686,very unhealthy
5436,safe
4007,safe
6837,safe
4968,safe
8333,safe
4087,safe
2915,safe
3714,safe
1996,safe
7682,safe
1597,safe
2517,unhealthy
6630,safe
4406,safe
2683,unhealthy for sensitive groups
2832,safe
3517,unhealthy for sensitive groups
5235,safe
3411,unhealthy for sensitive groups
5356,safe
4053,safe
3941,safe
3489,safe
4784,safe
2713,safe
5777,safe
4720,safe
4459,safe
2033,safe
4489,safe
7626,safe
1669,unhealthy for sensitive groups
5878,safe
5416,safe
3264,safe
7155,safe
1929,safe
1525,safe
3680,safe
5297,unhealthy
7559,safe
7165,safe
7430,safe
2253,safe
7286,unhealthy for sensitive groups
5822,safe
4463,safe
6206,safe
7016,safe
2497,safe
3671,safe
2397,safe
7205,safe
4448,unhealthy for sensitive groups
1494,safe
4715,safe
7703,safe
2109,unhealthy
5626,safe
7179,safe
5225,safe
7513,unhealthy for sensitive groups
4068,safe
4773,safe
1754,unhealthy for sensitive groups
4759,safe
3849,safe
2392,safe
7213,safe
3927,safe
5585,safe
2725,safe
3274,safe
8188,safe
3204,safe
5950,safe
4085,safe
8570,safe
2785,safe
2819,safe
3364,safe
2753,safe
6001,safe
3029,safe
2338,safe
6332,safe
7244,unhealthy for sensitive groups
6413,safe
4229,safe
2968,safe
3707,safe
3093,safe
6603,safe
4827,safe
4105,safe
2449,safe
8393,safe
8401,safe
4737,safe
5167,unhealthy for sensitive groups
7026,safe
3268,safe
2938,safe
2274,safe
2275,safe
6084,safe
5385,safe
7054,safe
7172,safe
3632,unhealthy for sensitive groups
4820,safe
2698,unhealthy for sensitive groups
4592,safe
7178,safe
4048,safe
5088,safe
2332,safe
3903,safe
4789,safe
6632,safe
5204,safe
1608,safe
1687,safe
8047,unhealthy for sensitive groups
6182,unhealthy for sensitive groups
3590,safe
1678,unhealthy for sensitive groups
8305,unhealthy for sensitive groups
3561,safe
3030,safe
6013,safe
6158,safe
6374,safe
4890,safe
1949,safe
5307,safe
7496,safe
6788,safe
3806,safe
8193,safe
6687,safe
3730,safe
2827,safe
3866,safe
5891,safe
1831,safe
3512,safe
6109,safe
6287,safe
4880,safe
6874,safe
8406,safe
8544,safe
4221,safe
2433,safe
3136,safe
8283,safe
3942,safe
7143,safe
1588,safe
4926,safe
2593,safe
3126,safe
2561,safe
3082,safe
6484,safe
7032,safe
1584,safe
8078,safe
5262,safe
6338,safe
2514,unhealthy for sensitive groups
6427,safe
4605,safe
3438,safe
3776,safe
7488,safe
3805,safe
3298,safe
1606,safe
4434,safe
6176,unhealthy
6600,safe
3528,unhealthy for sensitive groups
6056,safe
2100,safe
6438,safe
3179,safe
1620,safe
2326,safe
4054,safe
6147,safe
3166,safe
7491,safe
2200,safe
7549,safe
1879,unhealthy for sensitive groups
1556,safe
4305,safe
4553,safe
8142,unhealthy for sensitive groups
2339,safe
2934,safe
4696,safe
1772,safe
6281,safe
7302,safe
3299,safe
3040,safe
8290,safe
3659,safe
2456,safe
4517,safe
4509,safe
6325,safe
5277,safe
7526,safe
7132,safe
2064,unhealthy for sensitive groups
4144,safe
2722,safe
2014,safe
6033,safe
1839,safe
4831,safe
3678,safe
6431,safe
6437,safe
6065,safe
4582,safe
1560,safe
7273,safe
4046,safe
8408,safe
4369,safe
2220,safe
6217,safe
1971,safe
1637,safe
5067,safe
7386,safe
8051,safe
3103,safe
6471,safe
4170,safe
8249,safe
5829,safe
6560,safe
2936,safe
2235,safe
3156,safe
4945,safe
7404,safe
5295,safe
7262,unhealthy for sensitive groups
8452,safe
7240,safe
3340,safe
6459,safe
4965,safe
2615,unhealthy for sensitive groups
7506,safe
8465,safe
8553,safe
4751,safe
5908,safe
2962,safe
2239,safe
3777,safe
2524,safe
4872,safe
4304,safe
6017,safe
8524,safe
3403,unhealthy for sensitive groups
8309,safe
7352,safe
3409,unhealthy for sensitive groups
3524,unhealthy
8579,safe
6171,safe
2163,safe
6821,safe
5754,safe
3873,safe
2122,unhealthy for sensitive groups
2982,safe
5944,safe
7174,safe
5623,safe
8668,unhealthy for sensitive groups
5505,safe
4480,safe
2594,safe
7194,safe
7293,safe
7570,safe
2853,safe
7461,safe
3679,safe
1855,safe
7494,safe
5301,safe
4705,safe
5090,safe
2691,safe
2348,safe
2344,safe
4009,safe
3228,safe
2212,safe
6219,safe
2784,safe
3944,safe
7683,safe
2336,safe
3237,safe
7420,safe
6222,safe
8300,safe
5054,safe
4287,safe
1804,safe
8196,safe
4618,safe
4760,safe
6499,safe
6419,safe
7530,safe
2484,unhealthy
8467,safe
7546,safe
7607,safe
3194,safe
3689,unhealthy for sensitive groups
5349,very unhealthy
3734,safe
1843,safe
2802,safe
2389,safe
3092,safe
5244,safe
4058,safe
5475,safe
6153,safe
6162,safe
4889,safe
6363,safe
3099,safe
4574,unhealthy for sensitive groups
6294,safe
3553,safe
2119,unhealthy for sensitive groups
2947,safe
2408,safe
3813,safe
3546,safe
2749,safe
4843,safe
5526,safe
8693,safe
2564,safe
6883,safe
5996,safe
3922,safe
8144,unhealthy for sensitive groups
3782,safe
6069,safe
5642,safe
3973,safe
1914,safe
3490,safe
1950,safe
3591,safe
7387,safe
1536,safe
4430,safe
7355,safe
2586,safe
4638,safe
8036,safe
2118,unhealthy for sensitive groups
7062,safe
4115,safe
4732,safe
7354,safe
5646,safe
4159,safe
6847,safe
2721,safe
2302,safe
7189,safe
1933,safe
1612,safe
8099,safe
2148,safe
2354,safe
6469,safe
7340,safe
6801,safe
6043,safe
2144,safe
3514,unhealthy for sensitive groups
8180,safe
3226,safe
7572,safe
8071,safe
4232,safe
6071,safe
2087,safe
1520,safe
1767,safe
4122,safe
4766,safe
5592,safe
2481,very unhealthy
7601,safe
2360,safe
2279,safe
3981,safe
2216,safe
2502,safe
3554,safe
5746,safe
4637,safe
4084,safe
3506,safe
7128,safe
2717,safe
4886,safe
8032,unhealthy for sensitive groups
3420,safe
4976,safe
4940,safe
2420,safe
6059,safe
4512,safe
8181,safe
7550,safe
4189,safe
4955,safe
6019,safe
8472,safe
8109,safe
7700,safe
3304,safe
6726,safe
2242,safe
3262,safe
2522,unhealthy
4450,unhealthy
4653,safe
3004,safe
2889,safe
8483,safe
5269,safe
5260,safe
7203,safe
5765,safe
7630,safe
5700,safe
8559,safe
1526,safe
2102,safe
7465,unhealthy for sensitive groups
5689,safe
2655,unhealthy for sensitive groups
4172,safe
8334,safe
3139,safe
2131,safe
3174,safe
6317,safe
6435,safe
1607,safe
5253,safe
5094,unhealthy
7622,safe
3020,unhealthy for sensitive groups
6144,safe
2572,safe
6362,safe
4859,safe
4021,safe
4263,safe
3627,safe
7274,safe
6463,safe
4246,unhealthy for sensitive groups
6587,safe
5370,safe
1509,safe
2685,unhealthy for sensitive groups
3771,safe
5698,safe
5679,safe
5229,safe
2107,safe
7184,safe
5401,safe
5835,unhealthy for sensitive groups
3313,unhealthy for sensitive groups
6245,safe
3211,safe
3908,safe
6388,safe
6128,safe
2544,safe
1814,safe
5814,safe
3604,unhealthy for sensitive groups
5741,safe
6716,unhealthy for sensitive groups
8203,safe
4340,safe
7524,safe
4014,safe
6855,safe
3108,safe
7685,safe
7182,safe
4006,safe
7315,safe
5082,safe
2616,unhealthy for sensitive groups
2210,safe
2935,safe
2196,safe
2395,safe
1647,safe
8020,unhealthy for sensitive groups
8672,safe
6127,safe
4998,safe
6458,safe
4417,safe
7156,safe
4578,unhealthy for sensitive groups
6475,safe
2690,safe
8307,safe
4259,safe
2578,safe
5222,safe
6523,safe
6232,safe
6225,safe
2113,safe
4939,safe
2203,safe
4320,safe
4865,safe
5549,safe
8685,safe
5232,safe
5120,safe
7435,safe
7304,safe
6408,safe
2022,safe
5113,safe
2428,safe
3932,safe
1999,safe
5782,safe
1794,unhealthy for sensitive groups
3021,safe
5376,unhealthy for sensitive groups
4575,unhealthy for sensitive groups
3186,safe
3044,safe
3731,safe
2834,safe
7618,safe
7285,unhealthy for sensitive groups
3221,safe
6123,safe
6324,safe
5928,safe
2136,safe
5997,safe
4863,safe
8204,safe
6393,safe
2483,very unhealthy
4758,safe
4585,safe
6371,safe
3827,safe
3780,safe
1578,safe
1550,safe
8521,safe
3492,safe
2266,safe
4198,safe
1837,safe
3949,safe
4856,safe
7124,safe
1736,safe
4861,safe
6174,safe
6098,safe
4195,safe
7459,unhealthy for sensitive groups
6265,safe
4479,safe
8186,safe
2013,safe
2569,safe
1757,safe
4003,safe
3260,safe
2708,safe
5170,unhealthy
7560,safe
2306,safe
8417,safe
3054,safe
5444,safe
4528,safe
7659,safe
7606,safe
2926,safe
3421,safe
1840,safe
5904,safe
2364,safe
7069,safe
6081,safe
4761,safe
4684,safe
2067,safe
2413,safe
8470,safe
3491,safe
3367,safe
4996,safe
8630,safe
5319,unhealthy
8618,safe
8298,safe
3738,safe
6103,safe
3700,safe
5181,safe
3610,safe
4025,safe
6680,safe
5236,safe
4225,safe
2823,unhealthy
1979,safe
5666,safe
3742,safe
4589,safe
5154,safe
1544,safe
3786,safe
5718,safe
2880,safe
5115,safe
5624,safe
5916,safe
4271,unhealthy for sensitive groups
6080,safe
4214,safe
3704,safe
3628,safe
3295,safe
7424,safe
3737,safe
3024,safe
5020,safe
5955,safe
8606,safe
4505,safe
7224,safe
8590,safe
4411,safe
8414,safe
6856,safe
8678,unhealthy for sensitive groups
6673,safe
7181,unhealthy for sensitive groups
5733,safe
5371,safe
6694,safe
5296,unhealthy
3586,safe
8281,safe
2495,safe
4081,safe
7345,safe
3005,safe
6614,safe
8316,safe
7634,safe
6598,safe
6702,safe
8129,unhealthy for sensitive groups
5450,safe
3272,safe
3001,safe
7289,safe
8581,safe
7072,safe
3977,safe
6503,safe
8137,safe
2546,safe
3589,safe
4975,safe
4668,safe
8698,safe
4950,safe
2466,safe
6291,safe
3277,safe
2513,unhealthy for sensitive groups
6708,safe
5379,safe
1592,safe
5187,safe
3393,safe
5149,safe
1631,safe
2472,safe
7527,safe
4342,safe
3784,safe
5901,safe
4500,safe
8131,safe
2255,safe
3058,safe
2025,unhealthy for sensitive groups
5351,unhealthy for sensitive groups
2380,safe
1771,safe
6063,safe
1661,safe
4004,safe
4475,safe
6439,safe
2885,safe
4988,safe
2558,safe
2852,safe
4731,safe
2152,safe
2308,safe
5884,safe
6562,safe
3959,safe
3197,safe
5495,safe
2803,safe
5574,safe
2519,unhealthy
1740,unhealthy for sensitive groups
3334,safe
6296,safe
4270,safe
3810,safe
1800,unhealthy
3816,safe
5942,safe
5545,safe
8661,unhealthy for sensitive groups
1976,safe
6608,unhealthy for sensitive groups
5557,safe
5341,safe
2168,safe
2955,safe
5323,safe
1747,safe
3760,safe
4051,safe
2896,safe
2044,safe
1539,safe
8331,safe
1602,safe
7359,safe
7575,safe
5294,safe
1502,safe
5255,safe
3110,safe
6866,safe
6483,safe
8223,safe
5217,safe
6293,safe
3788,safe
6381,safe
7406,safe
6396,safe
5300,safe
3168,safe
1527,safe
5840,safe
2236,safe
1970,safe
4608,safe
8468,safe
3117,safe
3986,safe
7049,safe
3861,safe
1942,safe
3785,safe
5207,safe
1766,safe
8430,safe
2278,safe
2778,safe
5523,safe
4920,safe
2085,safe
2584,safe
6489,safe
2562,safe
3466,safe
2508,unhealthy for sensitive groups
6851,safe
4108,safe
8302,unhealthy for sensitive groups
8191,safe
3147,safe
5720,safe
3087,safe
4860,safe
4343,safe
3297,safe
7122,safe
2410,safe
4690,safe
6168,safe
8289,safe
2576,safe
8404,safe
7637,safe
1867,unhealthy
8359,safe
3016,safe
8352,safe
1866,unhealthy for sensitive groups
3724,safe
8336,safe
7498,safe
5539,safe
8684,safe
1684,safe
5893,safe
3699,safe
8106,safe
2060,unhealthy for sensitive groups
3759,safe
2264,safe
4995,safe
1980,safe
4611,safe
3518,safe
6015,safe
4050,safe
6644,safe
3844,safe
5948,safe
6784,safe
2782,safe
3039,safe
6666,safe
5411,safe
6651,safe
3282,safe
5130,safe
2998,safe
6323,safe
4098,safe
2987,safe
4723,safe
5772,safe
3559,safe
2541,unhealthy for sensitive groups
3864,safe
5175,safe
5046,safe
6090,safe
6237,safe
3061,safe
3833,safe
5517,safe
5541,safe
2598,safe
6284,safe
8610,safe
4499,safe
7400,safe
5867,safe
6223,safe
3878,safe
4363,safe
5736,safe
1937,safe
2539,safe
5693,safe
2543,unhealthy for sensitive groups
3961,safe
7449,unhealthy for sensitive groups
5797,safe
3417,safe
8021,unhealthy for sensitive groups
1958,safe
5237,safe
5396,safe
1537,safe
1885,safe
5343,unhealthy for sensitive groups
3542,safe
1548,safe
3795,safe
7141,safe
2923,unhealthy
2563,safe
4885,safe
7278,unhealthy for sensitive groups
7425,safe
2770,safe
8358,safe
2665,unhealthy for sensitive groups
5729,safe
2975,safe
8556,safe
6817,safe
7077,safe
3131,safe
4109,safe
6151,safe
7074,safe
8237,safe
8265,safe
6110,safe
8065,safe
8303,unhealthy for sensitive groups
8634,safe
7443,safe
2736,safe
6511,safe
2418,safe
1671,safe
6018,safe
2106,safe
6141,safe
3607,unhealthy for sensitive groups
3919,safe
4078,safe
7291,safe
4651,safe
6403,safe
5712,safe
6529,safe
3309,safe
2501,safe
8104,safe
6108,safe
5497,safe
6238,safe
6036,safe
4893,safe
1864,unhealthy for sensitive groups
1561,safe
8318,safe
5577,safe
3557,safe
6820,safe
7551,safe
3879,safe
5611,safe
4169,safe
8695,safe
4870,safe
2865,safe
4994,safe
5734,safe
2184,safe
4645,safe
7598,safe
7332,safe
1829,safe
3440,safe
2581,safe
8332,safe
5719,safe
1906,safe
3841,safe
7670,safe
4922,safe
6270,safe
5306,safe
7411,safe
7031,safe
7583,safe
7013,safe
8256,safe
7261,unhealthy for sensitive groups
3205,safe
1918,safe
5658,safe
5636,safe
6336,safe
7259,unhealthy
5838,safe
7609,safe
4842,safe
6569,unhealthy
2747,safe
6260,safe
8125,safe
3934,safe
6566,unhealthy for sensitive groups
5711,safe
7335,safe
5875,safe
4022,safe
3208,safe
6172,safe
2741,safe
2108,unhealthy
5732,safe
2097,safe
5447,safe
7600,safe
3172,safe
7523,safe
8510,safe
6436,safe
2176,safe
2649,safe
4930,safe
6042,safe
7578,safe
5694,safe
2695,safe
4962,safe
4711,safe
2368,safe
3960,safe
6344,safe
6082,safe
2831,safe
6635,unhealthy for sensitive groups
3847,safe
1677,unhealthy for sensitive groups
5804,safe
1728,safe
5363,safe
5544,safe
2327,safe
8251,safe
4757,safe
7621,safe
2704,very unhealthy
8481,safe
8692,safe
5182,safe
2317,safe
7161,safe
3398,safe
6407,safe
5321,unhealthy for sensitive groups
4150,safe
3279,safe
5077,safe
7127,safe
5587,safe
8451,safe
2298,safe
8642,safe
3548,safe
2464,safe
8671,safe
1593,safe
4405,safe
2071,safe
6358,safe
4256,safe
1695,safe
6236,safe
7306,safe
5442,safe
8619,safe
4782,safe
8635,unhealthy for sensitive groups
3527,unhealthy for sensitive groups
3573,safe
2475,safe
5613,safe
7625,safe
5362,safe
8696,safe
3006,safe
4409,safe
3446,safe
5380,safe
3926,safe
2637,safe
2754,safe
8517,safe
8596,safe
6810,unhealthy for sensitive groups
3720,safe
4319,safe
3457,safe
6177,safe
3222,safe
2125,safe
8652,safe
7167,safe
1974,safe
4754,safe
7635,safe
6456,safe
6145,safe
7045,safe
6488,safe
4822,safe
2556,unhealthy for sensitive groups
6276,safe
8663,safe
5352,unhealthy for sensitive groups
6440,safe
2492,safe
3616,safe
6024,safe
7620,safe
3511,safe
3916,safe
3133,safe
8189,safe
4980,safe
8271,safe
4469,safe
4299,safe
6430,safe
2618,unhealthy for sensitive groups
6585,unhealthy for sensitive groups
7145,safe
3650,safe
6625,safe
1605,safe
5773,safe
4904,safe
2636,safe
6140,safe
5155,safe
4233,safe
8328,safe
4771,safe
3539,unhealthy for sensitive groups
4300,safe
4815,safe
6701,safe
8646,safe
1943,safe
3104,safe
3654,unhealthy for sensitive groups
3060,safe
7540,safe
6094,safe
7247,unhealthy for sensitive groups
3859,safe
4267,safe
4652,safe
8269,very unhealthy
2273,safe
4399,safe
4801,safe
8361,safe
1743,unhealthy
4901,safe
8674,safe
5554,safe
1746,unhealthy for sensitive groups
3169,safe
6370,safe
5050,safe
1821,safe
2791,unhealthy for sensitive groups
2478,unhealthy
2956,safe
1610,safe
3929,safe
2024,unhealthy for sensitive groups
4000,safe
6577,safe
2222,safe
5330,safe
1959,safe
3880,safe
5890,safe
6107,safe
2535,safe
8649,safe
6353,safe
1809,safe
5373,unhealthy for sensitive groups
2296,safe
6444,safe
5453,unhealthy for sensitive groups
5049,safe
6778,unhealthy for sensitive groups
5570,safe
8426,safe
8383,safe
7248,safe
8387,safe
2967,safe
7068,safe
3462,safe
7641,safe
1876,safe
7134,safe
6658,safe
6214,safe
1587,safe
3652,safe
5403,safe
4730,safe
4853,safe
2759,safe
3035,safe
6557,unhealthy for sensitive groups
7066,safe
3583,safe
4656,safe
2423,safe
4683,safe
7453,very unhealthy
2940,safe
8657,safe
8466,safe
2411,safe
5691,safe
8379,safe
6704,safe
7035,safe
6418,safe
3954,safe
5758,safe
5041,safe
1651,safe
5582,safe
6261,safe
4482,safe
8582,safe
2850,safe
2994,safe
8255,safe
2957,safe
5021,safe
1808,safe
5474,safe
3267,safe
4484,safe
3756,safe
2974,safe
4096,safe
5665,safe
7272,safe
5172,unhealthy for sensitive groups
5897,safe
8064,safe
2769,safe
4680,unhealthy for sensitive groups
8638,safe
3722,safe
5230,safe
6295,safe
6433,safe
2790,unhealthy for sensitive groups
6311,safe
1811,safe
1963,safe
4722,safe
6028,safe
6105,safe
3399,safe
2845,safe
3715,unhealthy for sensitive groups
3931,safe
2204,safe
5701,safe
3415,safe
3323,safe
2859,safe
8127,safe
5280,safe
8321,safe
4777,safe
4918,safe
8100,safe
6852,unhealthy for sensitive groups
8150,safe
5320,unhealthy
4615,safe
7059,safe
7303,safe
3230,safe
7485,safe
5597,safe
3725,safe
3988,safe
4184,safe
3291,safe
3572,safe
7235,safe
5654,safe
1845,safe
5129,safe
8561,safe
6091,safe
8509,safe
4676,unhealthy for sensitive groups
3344,safe
5607,safe
6280,safe
2190,safe
2842,safe
4797,safe
6656,safe
6002,safe
7078,safe
3624,safe
2800,safe
6668,safe
8589,safe
5683,safe
3516,unhealthy for sensitive groups
5132,safe
6610,unhealthy for sensitive groups
2901,unhealthy for sensitive groups
4964,safe
8154,unhealthy
8384,safe
4598,safe
6607,safe
5134,safe
8200,safe
5984,safe
5643,safe
3674,safe
8366,safe
8199,safe
8280,safe
5910,safe
3523,unhealthy
4121,safe
3383,safe
2199,safe
6868,safe
3938,safe
3681,safe
2928,safe
3352,unhealthy for sensitive groups
2029,safe
4518,safe
3755,safe
6698,safe
5567,safe
8121,safe
7644,safe
3235,safe
6347,safe
3255,safe
2342,safe
3231,safe
5675,safe
5751,safe
3855,safe
4331,safe
3280,safe
7612,safe
4898,safe
7472,safe
8317,safe
2532,safe
2104,safe
6877,safe
4868,safe
5404,safe
6350,safe
4138,safe
2675,safe
3232,safe
6008,safe
4206,safe
5661,safe
7643,safe
4593,safe
3388,safe
8340,safe
3716,unhealthy for sensitive groups
1973,safe
2167,safe
6398,safe
5360,safe
4418,safe
6368,safe
8382,safe
5994,safe
6382,safe
5242,safe
3970,safe
2269,safe
3836,safe
1878,unhealthy for sensitive groups
2362,safe
5902,safe
3969,safe
1820,safe
6580,unhealthy for sensitive groups
5489,safe
4620,safe
5603,safe
3361,safe
3684,very unhealthy
8402,safe
8252,safe
4107,safe
5696,safe
3125,safe
6636,unhealthy for sensitive groups
6604,safe
6869,safe
3348,safe
5500,safe
5599,safe
2447,safe
5566,safe
6385,safe
2490,safe
5560,safe
6386,safe
2868,unhealthy for sensitive groups
8088,safe
3301,safe
5141,safe
3761,safe
5682,safe
7018,safe
4677,unhealthy for sensitive groups
2797,safe
4264,safe
3881,safe
8505,safe
2112,safe
3210,safe
8407,safe
5841,safe
7499,safe
1951,safe
5524,safe
8110,safe
4935,safe
4329,safe
8167,unhealthy for sensitive groups
8146,unhealthy for sensitive groups
1994,safe
6272,safe
5205,safe
2681,safe
5282,safe
8689,safe
7469,unhealthy for sensitive groups
2575,safe
7426,safe
3106,safe
6029,safe
4325,safe
2523,safe
2828,safe
3856,safe
4038,safe
4642,safe
6034,safe
8677,safe
3249,safe
8669,unhealthy for sensitive groups
6619,safe
6534,safe
8151,unhealthy for sensitive groups
8247,safe
5851,safe
6643,safe
